"","n","date","vcrix"
"1","1",2018-01-04,1000
"2","2",2018-01-05,991.079252724988
"3","3",2018-01-06,819.059606169579
"4","4",2018-01-07,799.35085860382
"5","5",2018-01-08,822.522295778618
"6","6",2018-01-09,822.192732071666
"7","7",2018-01-10,799.055566049112
"8","8",2018-01-11,829.221946758783
"9","9",2018-01-12,844.316371666031
"10","10",2018-01-13,840.152243532556
"11","11",2018-01-14,851.776895442747
"12","12",2018-01-15,845.010757252773
"13","13",2018-01-16,1055.39525082212
"14","14",2018-01-17,1044.00030682573
"15","15",2018-01-18,1048.54921295864
"16","16",2018-01-19,1045.86295360219
"17","17",2018-01-20,1082.18722168222
"18","18",2018-01-21,1051.51992416468
"19","19",2018-01-22,1033.53801952667
"20","20",2018-01-23,1027.1469768433
"21","21",2018-01-24,1031.3437116046
"22","22",2018-01-25,986.530332896268
"23","23",2018-01-26,987.830571236037
"24","24",2018-01-27,983.582439965598
"25","25",2018-01-28,980.48131000701
"26","26",2018-01-29,971.122495581338
"27","27",2018-01-30,953.487335334338
"28","28",2018-01-31,988.223725972617
"29","29",2018-02-01,988.223725972617
"30","30",2018-02-02,993.696264579234
"31","31",2018-02-03,996.309832335538
"32","32",2018-02-04,986.477139759392
"33","33",2018-02-05,989.578233930224
"34","34",2018-02-06,1075.87127058957
"35","35",2018-02-07,1125.85887626914
"36","36",2018-02-08,1124.60550774494
"37","37",2018-02-09,1141.10612152265
"38","38",2018-02-10,1141.12652306704
"39","39",2018-02-11,1116.63328555477
"40","40",2018-02-12,1103.0595277576
"41","41",2018-02-13,1125.86372383406
"42","42",2018-02-14,1128.00924083833
"43","43",2018-02-15,1015.10233510554
"44","44",2018-02-16,1026.95584738124
"45","45",2018-02-17,1025.35368073734
"46","46",2018-02-18,1040.10452375585
"47","47",2018-02-19,1009.708232404
"48","48",2018-02-20,976.252600688939
"49","49",2018-02-21,970.007796623333
"50","50",2018-02-22,1032.82162078848
"51","51",2018-02-23,1027.92061755026
"52","52",2018-02-24,1035.24369207048
"53","53",2018-02-25,1041.63409790669
"54","54",2018-02-26,1036.28794551636
"55","55",2018-02-27,1024.40029395879
"56","56",2018-02-28,1018.45337325929
"57","57",2018-03-01,1018.45337325929
"58","58",2018-03-02,986.455834785004
"59","59",2018-03-03,988.240074861939
"60","60",2018-03-04,950.075338269976
"61","61",2018-03-05,939.502422010498
"62","62",2018-03-06,940.641398149318
"63","63",2018-03-07,910.759115835187
"64","64",2018-03-08,751.633324053727
"65","65",2018-03-09,712.057811132375
"66","66",2018-03-10,719.741066050809
"67","67",2018-03-11,716.579720627657
"68","68",2018-03-12,712.355443183788
"69","69",2018-03-13,720.572948331865
"70","70",2018-03-14,713.856452757064
"71","71",2018-03-15,744.196972574975
"72","72",2018-03-16,741.737656688454
"73","73",2018-03-17,655.104439781681
"74","74",2018-03-18,659.658069738106
"75","75",2018-03-19,659.451733170427
"76","76",2018-03-20,660.075115426029
"77","77",2018-03-21,655.639462913942
"78","78",2018-03-22,646.512886969291
"79","79",2018-03-23,649.251753729331
"80","80",2018-03-24,543.894784648226
"81","81",2018-03-25,547.359256606977
"82","82",2018-03-26,534.645409579316
"83","83",2018-03-27,533.763418121564
"84","84",2018-03-28,546.433141246805
"85","85",2018-03-29,525.595560484284
"86","86",2018-03-30,595.67477892355
"87","87",2018-03-31,595.556741349989
"88","88",2018-04-01,595.556741349989
"89","89",2018-04-02,592.94366920075
"90","90",2018-04-03,604.170246808467
"91","91",2018-04-04,648.508205190651
"92","92",2018-04-05,678.55413636636
"93","93",2018-04-06,668.490405876758
"94","94",2018-04-07,647.706501582528
"95","95",2018-04-08,648.186421168329
"96","96",2018-04-09,653.093537981655
"97","97",2018-04-10,647.514662055728
"98","98",2018-04-11,618.905660575083
"99","99",2018-04-12,626.515796882359
"100","100",2018-04-13,727.268471954082
"101","101",2018-04-14,673.553603486933
"102","102",2018-04-15,672.891651822131
"103","103",2018-04-16,690.710570698919
"104","104",2018-04-17,672.896173447497
"105","105",2018-04-18,673.958226666937
"106","106",2018-04-19,666.066470925076
"107","107",2018-04-20,678.649071596445
"108","108",2018-04-21,695.293736289248
"109","109",2018-04-22,690.838083686272
"110","110",2018-04-23,688.887753812912
"111","111",2018-04-24,687.937694347857
"112","112",2018-04-25,714.782019588523
"113","113",2018-04-26,769.669865888786
"114","114",2018-04-27,765.238559344305
"115","115",2018-04-28,771.92013478561
"116","116",2018-04-29,706.459482292834
"117","117",2018-04-30,702.391559281194
"118","118",2018-05-01,702.391559281194
"119","119",2018-05-02,694.782691404378
"120","120",2018-05-03,691.233403863459
"121","121",2018-05-04,688.100405392602
"122","122",2018-05-05,642.131840582731
"123","123",2018-05-06,641.440843514184
"124","124",2018-05-07,629.771579900849
"125","125",2018-05-08,641.18638083322
"126","126",2018-05-09,644.159969597178
"127","127",2018-05-10,638.492602238728
"128","128",2018-05-11,649.812323631495
"129","129",2018-05-12,678.154946451958
"130","130",2018-05-13,620.446239090791
"131","131",2018-05-14,624.489099366941
"132","132",2018-05-15,625.505640434094
"133","133",2018-05-16,622.596277330462
"134","134",2018-05-17,619.998047735021
"135","135",2018-05-18,627.766728378891
"136","136",2018-05-19,621.628494679954
"137","137",2018-05-20,613.108718748712
"138","138",2018-05-21,607.269802638603
"139","139",2018-05-22,609.519063161799
"140","140",2018-05-23,616.617320036013
"141","141",2018-05-24,631.199532429515
"142","142",2018-05-25,603.923459459843
"143","143",2018-05-26,545.905866496096
"144","144",2018-05-27,507.218900720659
"145","145",2018-05-28,493.941987382165
"146","146",2018-05-29,489.569064548633
"147","147",2018-05-30,528.727147898907
"148","148",2018-05-31,523.978650998731
"149","149",2018-06-01,523.978650998731
"150","150",2018-06-02,519.068295195664
"151","151",2018-06-03,484.932798253647
"152","152",2018-06-04,493.175474395358
"153","153",2018-06-05,485.831063184759
"154","154",2018-06-06,488.804695540178
"155","155",2018-06-07,481.52235473218
"156","156",2018-06-08,479.873087344911
"157","157",2018-06-09,477.921809249623
"158","158",2018-06-10,473.230043585432
"159","159",2018-06-11,507.99577010497
"160","160",2018-06-12,507.768809273841
"161","161",2018-06-13,513.558671627969
"162","162",2018-06-14,519.306643523925
"163","163",2018-06-15,547.148329439981
"164","164",2018-06-16,558.532539874152
"165","165",2018-06-17,555.483579359551
"166","166",2018-06-18,551.689514016118
"167","167",2018-06-19,566.462094616961
"168","168",2018-06-20,557.605551766084
"169","169",2018-06-21,556.803168390336
"170","170",2018-06-22,541.762997313664
"171","171",2018-06-23,570.886394878374
"172","172",2018-06-24,567.147642891274
"173","173",2018-06-25,563.753127080131
"174","174",2018-06-26,564.415820306394
"175","175",2018-06-27,570.562776326343
"176","176",2018-06-28,560.488539075048
"177","177",2018-06-29,535.702904850742
"178","178",2018-06-30,548.329898106977
"179","179",2018-07-01,548.329898106977
"180","180",2018-07-02,546.77164700982
"181","181",2018-07-03,560.249826021511
"182","182",2018-07-04,555.401106541824
"183","183",2018-07-05,553.922952336265
"184","184",2018-07-06,550.982029258451
"185","185",2018-07-07,551.106185189924
"186","186",2018-07-08,555.776437530889
"187","187",2018-07-09,555.656652030507
"188","188",2018-07-10,554.814858202457
"189","189",2018-07-11,521.141749095775
"190","190",2018-07-12,516.38922167279
"191","191",2018-07-13,500.041272728622
"192","192",2018-07-14,491.704103256042
"193","193",2018-07-15,463.808879395782
"194","194",2018-07-16,455.159755280055
"195","195",2018-07-17,489.464685044627
"196","196",2018-07-18,514.570377260475
"197","197",2018-07-19,505.881302041226
"198","198",2018-07-20,504.59562852633
"199","199",2018-07-21,510.561504442952
"200","200",2018-07-22,511.787643245642
"201","201",2018-07-23,454.37360170283
"202","202",2018-07-24,454.088388494619
"203","203",2018-07-25,478.12328998571
"204","204",2018-07-26,482.300262607146
"205","205",2018-07-27,470.447329605681
"206","206",2018-07-28,469.440370498223
"207","207",2018-07-29,453.361375415596
"208","208",2018-07-30,444.513005355072
"209","209",2018-07-31,440.754733191115
"210","210",2018-08-01,440.754733191115
"211","211",2018-08-02,424.140102569868
"212","212",2018-08-03,423.674703055226
"213","213",2018-08-04,422.175525915585
"214","214",2018-08-05,436.182571248762
"215","215",2018-08-06,436.019770115076
"216","216",2018-08-07,433.011940564466
"217","217",2018-08-08,445.561301491454
"218","218",2018-08-09,481.573617539804
"219","219",2018-08-10,473.65460767763
"220","220",2018-08-11,496.685794436527
"221","221",2018-08-12,494.993068466183
"222","222",2018-08-13,497.069389269976
"223","223",2018-08-14,503.832489702959
"224","224",2018-08-15,501.635519646931
"225","225",2018-08-16,470.467564944143
"226","226",2018-08-17,431.556527194609
"227","227",2018-08-18,475.144178674793
"228","228",2018-08-19,481.753454509203
"229","229",2018-08-20,482.127827588772
"230","230",2018-08-21,491.639536605857
"231","231",2018-08-22,500.486017178956
"232","232",2018-08-23,499.042192794205
"233","233",2018-08-24,468.190030463326
"234","234",2018-08-25,470.888041982426
"235","235",2018-08-26,469.080057561392
"236","236",2018-08-27,463.281131822517
"237","237",2018-08-28,472.010985279405
"238","238",2018-08-29,478.709324392471
"239","239",2018-08-30,477.62714974455
"240","240",2018-08-31,466.995912753175
"241","241",2018-09-01,466.995912753175
"242","242",2018-09-02,474.470029235067
"243","243",2018-09-03,475.040896032373
"244","244",2018-09-04,466.688649322101
"245","245",2018-09-05,465.918423429226
"246","246",2018-09-06,518.648403456071
"247","247",2018-09-07,515.37241084668
"248","248",2018-09-08,491.868127882126
"249","249",2018-09-09,492.678736159241
"250","250",2018-09-10,476.478300151292
"251","251",2018-09-11,476.798675781035
"252","252",2018-09-12,476.742509091824
"253","253",2018-09-13,472.918245640598
"254","254",2018-09-14,481.819138086144
"255","255",2018-09-15,480.118146021748
"256","256",2018-09-16,478.331286889217
"257","257",2018-09-17,450.685818214902
"258","258",2018-09-18,452.544437162484
"259","259",2018-09-19,456.231453097491
"260","260",2018-09-20,442.406071032699
"261","261",2018-09-21,453.361198143447
"262","262",2018-09-22,472.166060156402
"263","263",2018-09-23,469.673215169467
"264","264",2018-09-24,468.466910445799
"265","265",2018-09-25,479.495263582344
"266","266",2018-09-26,481.051623200093
"267","267",2018-09-27,476.800194183891
"268","268",2018-09-28,482.843238988902
"269","269",2018-09-29,483.834723087556
"270","270",2018-09-30,484.209266860639
"271","271",2018-10-01,484.209266860639
"272","272",2018-10-02,477.9418291699
"273","273",2018-10-03,480.115842605525
"274","274",2018-10-04,479.878525887942
"275","275",2018-10-05,480.129446367946
"276","276",2018-10-06,423.463777878314
"277","277",2018-10-07,416.490294203803
"278","278",2018-10-08,405.01060992337
"279","279",2018-10-09,383.332765994255
"280","280",2018-10-10,377.434436322462
"281","281",2018-10-11,375.711357728905
"282","282",2018-10-12,456.052739621427
"283","283",2018-10-13,447.496637191103
"284","284",2018-10-14,427.293299975229
"285","285",2018-10-15,426.570615920596
"286","286",2018-10-16,449.398734594748
"287","287",2018-10-17,448.05244665991
"288","288",2018-10-18,426.048315891133
"289","289",2018-10-19,421.190216105587
"290","290",2018-10-20,419.638920655413
"291","291",2018-10-21,393.076831960413
"292","292",2018-10-22,344.697972770121
"293","293",2018-10-23,344.81400459765
"294","294",2018-10-24,343.179722935259
"295","295",2018-10-25,323.268700606096
"296","296",2018-10-26,320.292890716965
"297","297",2018-10-27,319.151262766709
"298","298",2018-10-28,292.484081752176
"299","299",2018-10-29,289.17642102225
"300","300",2018-10-30,299.09417892239
"301","301",2018-10-31,298.526020472756
"302","302",2018-11-01,298.526020472756
"303","303",2018-11-02,291.290364525853
"304","304",2018-11-03,293.685383084948
"305","305",2018-11-04,292.016390416464
"306","306",2018-11-05,293.211097533712
"307","307",2018-11-06,296.619396374937
"308","308",2018-11-07,311.616788535438
"309","309",2018-11-08,310.243228585466
"310","310",2018-11-09,316.633707094481
"311","311",2018-11-10,316.929764227901
"312","312",2018-11-11,209.708389402317
"313","313",2018-11-12,208.176947762525
"314","314",2018-11-13,210.296906976826
"315","315",2018-11-14,212.663005932541
"316","316",2018-11-15,291.150512350074
"317","317",2018-11-16,291.758505290327
"318","318",2018-11-17,295.644813809052
"319","319",2018-11-18,291.19145379133
"320","320",2018-11-19,289.501497278488
"321","321",2018-11-20,446.454330328136
"322","322",2018-11-21,533.617749110049
"323","323",2018-11-22,548.78277898042
"324","324",2018-11-23,559.440812992276
"325","325",2018-11-24,548.447429345064
"326","326",2018-11-25,607.868336723405
"327","327",2018-11-26,611.522020556449
"328","328",2018-11-27,611.301164066527
"329","329",2018-11-28,604.277624115762
"330","330",2018-11-29,676.569742103186
"331","331",2018-11-30,668.75666987946
"332","332",2018-12-01,668.75666987946
"333","333",2018-12-02,680.006466768901
"334","334",2018-12-03,672.358243735425
"335","335",2018-12-04,678.250560545917
"336","336",2018-12-05,679.175766081109
"337","337",2018-12-06,676.204182981657
"338","338",2018-12-07,684.469957099093
"339","339",2018-12-08,679.900618251094
"340","340",2018-12-09,680.823857344205
"341","341",2018-12-10,695.159244800012
"342","342",2018-12-11,687.055996699589
"343","343",2018-12-12,681.026813952038
"344","344",2018-12-13,686.517855471658
"345","345",2018-12-14,685.463717663373
"346","346",2018-12-15,650.671584912535
"347","347",2018-12-16,652.595264579256
"348","348",2018-12-17,658.407726068045
"349","349",2018-12-18,729.781527187505
"350","350",2018-12-19,751.51659251923
"351","351",2018-12-20,677.065956612119
"352","352",2018-12-21,683.94099230047
"353","353",2018-12-22,679.249622748668
"354","354",2018-12-23,667.447051115646
"355","355",2018-12-24,671.802936945718
"356","356",2018-12-25,619.22698697697
"357","357",2018-12-26,648.153648853013
"358","358",2018-12-27,636.887566555867
"359","359",2018-12-28,664.193229399462
"360","360",2018-12-29,653.299310916386
"361","361",2018-12-30,653.821321052181
"362","362",2018-12-31,638.849530652337
"363","363",2019-01-01,638.849530652337
"364","364",2019-01-02,644.303011363059
"365","365",2019-01-03,633.187562750659
"366","366",2019-01-04,639.812241572261
"367","367",2019-01-05,626.279981262425
"368","368",2019-01-06,577.161307533387
"369","369",2019-01-07,585.670825863553
"370","370",2019-01-08,587.993321422496
"371","371",2019-01-09,584.498720772027
"372","372",2019-01-10,577.590951467236
"373","373",2019-01-11,641.240254526509
"374","374",2019-01-12,638.90123137003
"375","375",2019-01-13,629.080725374276
"376","376",2019-01-14,635.668938099444
"377","377",2019-01-15,646.927451172256
"378","378",2019-01-16,652.581864145608
"379","379",2019-01-17,624.280966368558
"380","380",2019-01-18,622.439676549983
"381","381",2019-01-19,615.75259632206
"382","382",2019-01-20,573.030325426202
"383","383",2019-01-21,564.175424337332
"384","384",2019-01-22,556.210082728284
"385","385",2019-01-23,552.686170848783
"386","386",2019-01-24,538.659278160706
"387","387",2019-01-25,504.733098676604
"388","388",2019-01-26,501.910999855249
"389","389",2019-01-27,468.685934914436
"390","390",2019-01-28,399.823017112154
"391","391",2019-01-29,412.142784616452
"392","392",2019-01-30,410.640880919192
"393","393",2019-01-31,410.25137884754
"394","394",2019-02-01,410.25137884754
"395","395",2019-02-02,397.179647051206
"396","396",2019-02-03,392.58875099541
"397","397",2019-02-04,392.139964242789
"398","398",2019-02-05,393.620254245087
"399","399",2019-02-06,370.14191093109
"400","400",2019-02-07,372.698662979147
"401","401",2019-02-08,372.700660851036
"402","402",2019-02-09,445.01643106118
"403","403",2019-02-10,350.964181516953
"404","404",2019-02-11,349.34446062025
"405","405",2019-02-12,350.907752988674
"406","406",2019-02-13,338.860365768837
"407","407",2019-02-14,310.685832686523
"408","408",2019-02-15,300.789234170684
"409","409",2019-02-16,289.628052094683
"410","410",2019-02-17,285.346662280255
"411","411",2019-02-18,292.469549520074
"412","412",2019-02-19,329.400811770451
"413","413",2019-02-20,315.072405970462
"414","414",2019-02-21,321.215324758644
"415","415",2019-02-22,327.514080894046
"416","416",2019-02-23,332.728919854993
"417","417",2019-02-24,346.134272062463
"418","418",2019-02-25,456.109353465674
"419","419",2019-02-26,459.44039355444
"420","420",2019-02-27,459.974893318964
"421","421",2019-02-28,442.50027146027
"422","422",2019-03-01,442.50027146027
"423","423",2019-03-02,436.310361379092
"424","424",2019-03-03,432.853154633819
"425","425",2019-03-04,431.302861440512
"426","426",2019-03-05,438.577448587766
"427","427",2019-03-06,452.916016155612
"428","428",2019-03-07,452.661231185659
"429","429",2019-03-08,452.088287412711
"430","430",2019-03-09,447.418762715836
"431","431",2019-03-10,448.833157682455
"432","432",2019-03-11,393.282187657365
"433","433",2019-03-12,396.65782936254
"434","434",2019-03-13,396.980199457604
"435","435",2019-03-14,393.769982812805
"436","436",2019-03-15,393.743033786708
"437","437",2019-03-16,394.431589545481
"438","438",2019-03-17,395.740368414548
"439","439",2019-03-18,396.719239388325
"440","440",2019-03-19,396.581189234822
"441","441",2019-03-20,393.962269934546
"442","442",2019-03-21,365.205316274325
"443","443",2019-03-22,366.816214829235
"444","444",2019-03-23,361.500463082695
"445","445",2019-03-24,358.894294431375
"446","446",2019-03-25,357.916386102396
"447","447",2019-03-26,345.201143979616
"448","448",2019-03-27,228.405745844802
"449","449",2019-03-28,232.554194272949
"450","450",2019-03-29,225.540978613817
"451","451",2019-03-30,228.814402305522
"452","452",2019-03-31,228.787794844656
"453","453",2019-04-01,228.787794844656
"454","454",2019-04-02,227.890685758386
"455","455",2019-04-03,507.283847256622
"456","456",2019-04-04,466.02102824172
"457","457",2019-04-05,450.643603586757
"458","458",2019-04-06,450.05249319161
"459","459",2019-04-07,445.094056163544
"460","460",2019-04-08,441.012385985091
"461","461",2019-04-09,437.158928426219
"462","462",2019-04-10,445.800715395446
"463","463",2019-04-11,440.193666779508
"464","464",2019-04-12,471.918020447966
"465","465",2019-04-13,470.886055455089
"466","466",2019-04-14,470.717248347065
"467","467",2019-04-15,469.550179352814
"468","468",2019-04-16,471.263470542076
"469","469",2019-04-17,470.437524080807
"470","470",2019-04-18,468.470154392251
"471","471",2019-04-19,466.550170810523
"472","472",2019-04-20,463.052263120713
"473","473",2019-04-21,455.657330198506
"474","474",2019-04-22,453.559372414626
"475","475",2019-04-23,450.269541940546
"476","476",2019-04-24,447.338552979355
"477","477",2019-04-25,449.534113575267
"478","478",2019-04-26,463.613685869659
"479","479",2019-04-27,458.545514163832
"480","480",2019-04-28,459.590035072655
"481","481",2019-04-29,463.604255743448
"482","482",2019-04-30,470.472299188159
"483","483",2019-05-01,470.472299188159
"484","484",2019-05-02,474.219082991337
"485","485",2019-05-03,259.664981438625
"486","486",2019-05-04,286.627083568031
"487","487",2019-05-05,285.816669403249
"488","488",2019-05-06,280.855614246062
"489","489",2019-05-07,282.70267003936
"490","490",2019-05-08,281.374345762646
"491","491",2019-05-09,281.8339862558
"492","492",2019-05-10,285.744767909763
"493","493",2019-05-11,288.653869282456
"494","494",2019-05-12,401.294654442408
"495","495",2019-05-13,433.087502556888
"496","496",2019-05-14,485.121567398461
"497","497",2019-05-15,492.308687302605
"498","498",2019-05-16,489.751191810569
"499","499",2019-05-17,495.285760215932
"500","500",2019-05-18,530.859431454859
"501","501",2019-05-19,532.292377700193
"502","502",2019-05-20,584.484646277479
"503","503",2019-05-21,591.8451375151
"504","504",2019-05-22,588.752361426491
"505","505",2019-05-23,602.802610486037
"506","506",2019-05-24,602.176714757619
"507","507",2019-05-25,594.310518365146
"508","508",2019-05-26,573.981046766843
"509","509",2019-05-27,590.918296555929
"510","510",2019-05-28,591.881302217497
"511","511",2019-05-29,592.866030732379
"512","512",2019-05-30,590.749489262753
"513","513",2019-05-31,606.320526164542
"514","514",2019-06-01,606.320526164542
"515","515",2019-06-02,625.077234285832
"516","516",2019-06-03,619.533118451298
"517","517",2019-06-04,654.262159803636
"518","518",2019-06-05,679.790040941163
"519","519",2019-06-06,678.425871372744
"520","520",2019-06-07,676.959665752187
"521","521",2019-06-08,676.867964244155
"522","522",2019-06-09,679.072964702801
"523","523",2019-06-10,689.257045327895
"524","524",2019-06-11,596.922930850097
"525","525",2019-06-12,579.280611939673
"526","526",2019-06-13,531.266544798753
"527","527",2019-06-14,521.080532991221
"528","528",2019-06-15,523.304809347566
"529","529",2019-06-16,522.899133070671
"530","530",2019-06-17,488.855557304818
"531","531",2019-06-18,492.141369042905
"532","532",2019-06-19,418.473911204991
"533","533",2019-06-20,415.299694969679
"534","534",2019-06-21,421.065152074578
"535","535",2019-06-22,423.149341922589
"536","536",2019-06-23,441.660415284442
"537","537",2019-06-24,442.877134144113
"538","538",2019-06-25,444.748672671596
"539","539",2019-06-26,429.92390250981
"540","540",2019-06-27,456.628992536902
"541","541",2019-06-28,606.447490402712
"542","542",2019-06-29,633.688431559369
"543","543",2019-06-30,613.93504165426
"544","544",2019-07-01,613.93504165426
"545","545",2019-07-02,608.930485442244
"546","546",2019-07-03,603.150795200816
"547","547",2019-07-04,601.100855273202
"548","548",2019-07-05,598.050812195723
"549","549",2019-07-06,600.119657687663
"550","550",2019-07-07,600.08808162769
"551","551",2019-07-08,598.966881822598
"552","552",2019-07-09,604.098892975624
"553","553",2019-07-10,591.431054563646
"554","554",2019-07-11,599.46535869643
"555","555",2019-07-12,628.524094466995
"556","556",2019-07-13,629.855872424473
"557","557",2019-07-14,635.636023400718
"558","558",2019-07-15,686.34686501123
"559","559",2019-07-16,694.895088596147
"560","560",2019-07-17,767.357087956139
"561","561",2019-07-18,759.007962889598
"562","562",2019-07-19,791.681416718146
"563","563",2019-07-20,785.447407234653
"564","564",2019-07-21,779.68119826655
"565","565",2019-07-22,764.681972076673
"566","566",2019-07-23,750.823548494838
"567","567",2019-07-24,755.521011731608
"568","568",2019-07-25,753.823894908015
"569","569",2019-07-26,743.600542896307
"570","570",2019-07-27,716.009968438564
"571","571",2019-07-28,639.242686752036
"572","572",2019-07-29,606.434879711454
"573","573",2019-07-30,614.327468693997
"574","574",2019-07-31,582.531167609036
"575","575",2019-08-01,582.531167609036
"576","576",2019-08-02,589.059030025055
"577","577",2019-08-03,554.333125957515
"578","578",2019-08-04,546.196498830433
"579","579",2019-08-05,548.802570174296
"580","580",2019-08-06,571.444135601879
"581","581",2019-08-07,575.26948220674
"582","582",2019-08-08,566.153675090942
"583","583",2019-08-09,566.460100992009
"584","584",2019-08-10,561.385669766843
"585","585",2019-08-11,539.555013960508
"586","586",2019-08-12,535.488478696622
"587","587",2019-08-13,532.949780822647
"588","588",2019-08-14,472.856719024251
"589","589",2019-08-15,505.01083335492
"590","590",2019-08-16,412.707161664002
"591","591",2019-08-17,413.897085764207
"592","592",2019-08-18,360.466279808682
"593","593",2019-08-19,367.090186202757
"594","594",2019-08-20,384.913081174515
"595","595",2019-08-21,389.691219406076
"596","596",2019-08-22,406.489776531918
"597","597",2019-08-23,400.5873138082
"598","598",2019-08-24,409.187401966708
"599","599",2019-08-25,418.054293323313
"600","600",2019-08-26,418.62970789302
"601","601",2019-08-27,399.475437872697
"602","602",2019-08-28,400.242335717695
"603","603",2019-08-29,417.227379702053
"604","604",2019-08-30,418.948118600514
"605","605",2019-08-31,403.717103921331
"606","606",2019-09-01,403.717103921331
"607","607",2019-09-02,403.724587213059
"608","608",2019-09-03,420.417742203086
"609","609",2019-09-04,425.179184221325
"610","610",2019-09-05,392.350998286019
"611","611",2019-09-06,387.602340332845
"612","612",2019-09-07,378.07755059882
"613","613",2019-09-08,382.81324968858
"614","614",2019-09-09,380.914841705371
"615","615",2019-09-10,372.350799984703
"616","616",2019-09-11,368.712525290214
"617","617",2019-09-12,367.823550787666
"618","618",2019-09-13,362.37247339344
"619","619",2019-09-14,285.153772445873
"620","620",2019-09-15,282.556361230308
"621","621",2019-09-16,284.756094752489
"622","622",2019-09-17,286.150755652851
"623","623",2019-09-18,285.348279874881
"624","624",2019-09-19,263.08062727842
"625","625",2019-09-20,262.008375901817
"626","626",2019-09-21,231.373171959544
"627","627",2019-09-22,235.090621390197
"628","628",2019-09-23,225.395272106428
"629","629",2019-09-24,232.255625647733
"630","630",2019-09-25,331.752062771692
"631","631",2019-09-26,332.414890053254
"632","632",2019-09-27,339.964927858777
"633","633",2019-09-28,328.802651650738
"634","634",2019-09-29,325.570000232767
"635","635",2019-09-30,324.145096883996
"636","636",2019-10-01,324.145096883996
"637","637",2019-10-02,325.099488681233
"638","638",2019-10-03,300.535895054524
"639","639",2019-10-04,292.391571901191
"640","640",2019-10-05,293.031526883592
"641","641",2019-10-06,293.736183934933
"642","642",2019-10-07,296.59793590524
"643","643",2019-10-08,311.56175646245
"644","644",2019-10-09,311.896214851683
"645","645",2019-10-10,331.146546612005
"646","646",2019-10-11,329.199508327781
"647","647",2019-10-12,334.517130243328
"648","648",2019-10-13,331.258368317061
"649","649",2019-10-14,330.661362102589
"650","650",2019-10-15,333.471354068831
"651","651",2019-10-16,335.259333484686
"652","652",2019-10-17,336.982323568104
"653","653",2019-10-18,338.715362097589
"654","654",2019-10-19,338.901771987743
"655","655",2019-10-20,337.702247758418
"656","656",2019-10-21,347.888118885463
"657","657",2019-10-22,347.791343081685
"658","658",2019-10-23,349.31346487017
"659","659",2019-10-24,369.938571457746
"660","660",2019-10-25,293.461138923769
"661","661",2019-10-26,404.311410271065
"662","662",2019-10-27,409.677650969728
"663","663",2019-10-28,414.836540070559
"664","664",2019-10-29,421.057777183417
"665","665",2019-10-30,422.537016191358
"666","666",2019-10-31,424.801799866977
"667","667",2019-11-01,424.801799866977
"668","668",2019-11-02,424.130938346756
"669","669",2019-11-03,420.924894948093
"670","670",2019-11-04,421.877131246388
"671","671",2019-11-05,422.131650992247
"672","672",2019-11-06,416.343802350276
"673","673",2019-11-07,407.988327135837
"674","674",2019-11-08,409.223282794627
"675","675",2019-11-09,409.280863453569
"676","676",2019-11-10,408.487599428445
"677","677",2019-11-11,402.627562433478
"678","678",2019-11-12,407.246674479501
"679","679",2019-11-13,411.736905400446
"680","680",2019-11-14,412.261399811288
"681","681",2019-11-15,411.391847424584
"682","682",2019-11-16,412.269896920494
"683","683",2019-11-17,412.222281828789
"684","684",2019-11-18,412.25957272693
"685","685",2019-11-19,420.183043580565
"686","686",2019-11-20,419.428099743069
"687","687",2019-11-21,420.900033007844
"688","688",2019-11-22,435.873212002905
"689","689",2019-11-23,429.056053150294
"690","690",2019-11-24,424.769698053497
"691","691",2019-11-25,327.781087195765
"692","692",2019-11-26,288.544892454883
"693","693",2019-11-27,270.113482242803
"694","694",2019-11-28,280.210096392214
"695","695",2019-11-29,264.628149769079
"696","696",2019-11-30,271.91687678415
"697","697",2019-12-01,271.91687678415
"698","698",2019-12-02,277.669054861221
"699","699",2019-12-03,279.437859833683
"700","700",2019-12-04,282.147048322752
"701","701",2019-12-05,277.943051122914
"702","702",2019-12-06,285.313136221457
"703","703",2019-12-07,287.968852936188
"704","704",2019-12-08,288.630640299094
"705","705",2019-12-09,280.006935135113
"706","706",2019-12-10,281.376063041991
"707","707",2019-12-11,275.387615431753
"708","708",2019-12-12,272.503141426486
"709","709",2019-12-13,272.374832830102
"710","710",2019-12-14,273.657707127979
"711","711",2019-12-15,275.571292614233
"712","712",2019-12-16,275.730913357498
"713","713",2019-12-17,282.985371353936
"714","714",2019-12-18,297.404040480932
"715","715",2019-12-19,349.469551269607
"716","716",2019-12-20,354.015248820291
"717","717",2019-12-21,359.324458208003
"718","718",2019-12-22,345.514844413902
"719","719",2019-12-23,344.754469577195
"720","720",2019-12-24,351.704520615527
"721","721",2019-12-25,314.871555895896
"722","722",2019-12-26,311.340168837084
"723","723",2019-12-27,309.700177591295
"724","724",2019-12-28,295.938507557487
"725","725",2019-12-29,297.085522866818
"726","726",2019-12-30,288.119582474369
"727","727",2019-12-31,287.951851930051
"728","728",2020-01-01,287.951851930051
"729","729",2020-01-02,286.552529236287
"730","730",2020-01-03,294.537143048172
"731","731",2020-01-04,315.991317989114
"732","732",2020-01-05,312.584009002944
"733","733",2020-01-06,310.59377213859
"734","734",2020-01-07,335.52945071137
"735","735",2020-01-08,344.263690628828
"736","736",2020-01-09,341.442396918868
"737","737",2020-01-10,344.511138593494
"738","738",2020-01-11,354.472514005106
"739","739",2020-01-12,354.679110431365
"740","740",2020-01-13,355.589578201919
"741","741",2020-01-14,350.728163865907
"742","742",2020-01-15,420.100765749705
"743","743",2020-01-16,407.151202437527
"744","744",2020-01-17,385.599673239049
"745","745",2020-01-18,349.370125328508
"746","746",2020-01-19,346.260374038776
"747","747",2020-01-20,352.570671531771
"748","748",2020-01-21,349.886220262579
"749","749",2020-01-22,342.850271527554
"750","750",2020-01-23,338.345985029919
"751","751",2020-01-24,355.244569231023
"752","752",2020-01-25,354.826475921565
"753","753",2020-01-26,356.950303520226
"754","754",2020-01-27,360.703446912082
"755","755",2020-01-28,364.767859079843
"756","756",2020-01-29,371.84832507453
"757","757",2020-01-30,367.447922444506
"758","758",2020-01-31,368.02363662551
"759","759",2020-02-01,368.02363662551
"760","760",2020-02-02,356.342549340156
"761","761",2020-02-03,346.060627896437
"762","762",2020-02-04,346.649558768352
"763","763",2020-02-05,348.928931153278
"764","764",2020-02-06,345.661709093505
"765","765",2020-02-07,341.671121203081
"766","766",2020-02-08,338.952685946974
"767","767",2020-02-09,331.265698735884
"768","768",2020-02-10,326.131647766394
"769","769",2020-02-11,331.21962572307
"770","770",2020-02-12,335.757368088739
"771","771",2020-02-13,336.383064565208
"772","772",2020-02-14,254.087401275585
"773","773",2020-02-15,252.776432144642
"774","774",2020-02-16,284.478652142879
"775","775",2020-02-17,275.3713913743
"776","776",2020-02-18,278.317503104108
"777","777",2020-02-19,283.220713845717
"778","778",2020-02-20,319.357839105048
"779","779",2020-02-21,319.378911406775
"780","780",2020-02-22,318.519293378582
"781","781",2020-02-23,307.015831001683
"782","782",2020-02-24,312.475333877646
"783","783",2020-02-25,322.263021008725
"784","784",2020-02-26,329.72900342356
"785","785",2020-02-27,356.474433893293
"786","786",2020-02-28,345.927302665019
"787","787",2020-02-29,346.560784174982
"788","788",2020-03-01,346.560784174982
"789","789",2020-03-02,345.680398508412
"790","790",2020-03-03,357.204068605377
"791","791",2020-03-04,358.979720282804
"792","792",2020-03-05,359.17732162597
"793","793",2020-03-06,363.83125916385
"794","794",2020-03-07,352.323835799491
"795","795",2020-03-08,353.740264527721
"796","796",2020-03-09,407.956753687531
"797","797",2020-03-10,409.065966821109
"798","798",2020-03-11,405.52965965739
"799","799",2020-03-12,405.659263051857
"800","800",2020-03-13,1215.57227706689
"801","801",2020-03-14,1151.88173504917
"802","802",2020-03-15,1145.99886901591
"803","803",2020-03-16,1121.99447256712
"804","804",2020-03-17,1105.39976224166
"805","805",2020-03-18,1117.6724819647
"806","806",2020-03-19,1108.91298954417
"807","807",2020-03-20,1136.91991278614
"808","808",2020-03-21,1101.60190208761
"809","809",2020-03-22,1081.24993496311
"810","810",2020-03-23,1073.02636557014
"811","811",2020-03-24,1107.27505792023
"812","812",2020-03-25,1111.53704804105
"813","813",2020-03-26,1115.38761769009
"814","814",2020-03-27,1119.78351783322
"815","815",2020-03-28,1118.97340027609
"816","816",2020-03-29,1123.10014146449
"817","817",2020-03-30,1130.32134825153
"818","818",2020-03-31,1150.65991240658
"819","819",2020-04-01,1150.65991240658
"820","820",2020-04-02,1147.45156318561
"821","821",2020-04-03,1153.28533418177
"822","822",2020-04-04,1154.60379427772
"823","823",2020-04-05,1153.83683487288
"824","824",2020-04-06,1152.76986845279
"825","825",2020-04-07,1173.81946783149
"826","826",2020-04-08,1145.84568910583
"827","827",2020-04-09,1149.22103021291
"828","828",2020-04-10,1150.21148349806
"829","829",2020-04-11,1159.77944765771
"830","830",2020-04-12,542.823854987073
"831","831",2020-04-13,510.269500705704
"832","832",2020-04-14,492.554547492229
"833","833",2020-04-15,487.972851366245
"834","834",2020-04-16,460.384593921223
"835","835",2020-04-17,461.511032970006
"836","836",2020-04-18,463.982250347865
"837","837",2020-04-19,393.030154150812
"838","838",2020-04-20,406.162344372888
"839","839",2020-04-21,425.783470107726
"840","840",2020-04-22,416.703658249159
"841","841",2020-04-23,389.153384392337
"842","842",2020-04-24,391.193112965137
"843","843",2020-04-25,395.326217376427
"844","844",2020-04-26,399.936696682391
"845","845",2020-04-27,387.725716037757
"846","846",2020-04-28,387.946701721049
"847","847",2020-04-29,372.706916021304
"848","848",2020-04-30,410.101630252215
"849","849",2020-05-01,410.101630252215
"850","850",2020-05-02,415.800982227918
"851","851",2020-05-03,419.944723640592
"852","852",2020-05-04,428.327355215916
"853","853",2020-05-05,437.258818062114
"854","854",2020-05-06,446.096617442481
"855","855",2020-05-07,426.645928387941
"856","856",2020-05-08,450.639412924941
"857","857",2020-05-09,460.2218906706
"858","858",2020-05-10,473.804130649329
"859","859",2020-05-11,506.394379280693
"860","860",2020-05-12,454.164747757362
"861","861",2020-05-13,452.679916596141
"862","862",2020-05-14,459.143087337498
"863","863",2020-05-15,462.888661321239
"864","864",2020-05-16,466.953605150847
"865","865",2020-05-17,448.595710625002
"866","866",2020-05-18,448.168727958108
"867","867",2020-05-19,441.038156264918
"868","868",2020-05-20,435.533157006404
"869","869",2020-05-21,425.759586002506
"870","870",2020-05-22,440.795457893545
"871","871",2020-05-23,432.940458544661
"872","872",2020-05-24,428.716554862463
"873","873",2020-05-25,436.912388298663
"874","874",2020-05-26,435.941272875355
"875","875",2020-05-27,434.512813259606
"876","876",2020-05-28,438.058265444953
"877","877",2020-05-29,442.507017669012
"878","878",2020-05-30,386.401684267832
"879","879",2020-05-31,388.563394847475
"880","880",2020-06-01,388.563394847475
"881","881",2020-06-02,408.772411631642
"882","882",2020-06-03,424.310323413296
"883","883",2020-06-04,423.259722410294
"884","884",2020-06-05,421.928186983541
"885","885",2020-06-06,421.77316854335
"886","886",2020-06-07,398.377570987758
"887","887",2020-06-08,398.668093450208
"888","888",2020-06-09,398.672802755786
"889","889",2020-06-10,398.647528647835
"890","890",2020-06-11,351.761424468878
"891","891",2020-06-12,368.199569372682
"892","892",2020-06-13,356.294826875181
"893","893",2020-06-14,345.087256808105
"894","894",2020-06-15,332.10346358184
"895","895",2020-06-16,329.724567797777
"896","896",2020-06-17,328.064729221409
"897","897",2020-06-18,317.570795836593
"898","898",2020-06-19,317.895441886597
"899","899",2020-06-20,317.050084527969
"900","900",2020-06-21,296.948473735466
"901","901",2020-06-22,292.819433475819
"902","902",2020-06-23,304.735042514941
"903","903",2020-06-24,291.510985367909
"904","904",2020-06-25,300.475619241481
"905","905",2020-06-26,299.239098037796
"906","906",2020-06-27,291.32511254643
"907","907",2020-06-28,282.329061839473
"908","908",2020-06-29,284.273505708603
"909","909",2020-06-30,273.353455719195
"910","910",2020-07-01,273.353455719195
"911","911",2020-07-02,230.4574222763
"912","912",2020-07-03,197.156106196963
"913","913",2020-07-04,193.713083662404
"914","914",2020-07-05,191.912825707229
"915","915",2020-07-06,187.716883237203
"916","916",2020-07-07,205.865145483409
"917","917",2020-07-08,205.74094648578
"918","918",2020-07-09,212.979206807554
"919","919",2020-07-10,220.626378876206
"920","920",2020-07-11,220.053128902647
"921","921",2020-07-12,177.999590024389
"922","922",2020-07-13,176.414217898346
"923","923",2020-07-14,178.190545757402
"924","924",2020-07-15,176.431574838265
"925","925",2020-07-16,176.32233318671
"926","926",2020-07-17,176.337390676886
"927","927",2020-07-18,176.300609056178
"928","928",2020-07-19,176.561319581173
"929","929",2020-07-20,176.088239095267
"930","930",2020-07-21,176.216127084577
"931","931",2020-07-22,184.678830784011
"932","932",2020-07-23,168.665210094389
"933","933",2020-07-24,170.125827734932
"934","934",2020-07-25,152.981030392832
"935","935",2020-07-26,163.706305064982
"936","936",2020-07-27,164.875879716742
"937","937",2020-07-28,226.945437256573
"938","938",2020-07-29,233.998324188162
"939","939",2020-07-30,235.7507167037
"940","940",2020-07-31,234.446771885089
"941","941",2020-08-01,234.446771885089
"942","942",2020-08-02,249.928672305707
"943","943",2020-08-03,296.888694739877
"944","944",2020-08-04,297.13180054623
"945","945",2020-08-05,295.312809773287
"946","946",2020-08-06,296.641352378578
"947","947",2020-08-07,292.72603737608
"948","948",2020-08-08,297.353510542492
"949","949",2020-08-09,293.732425713892
"950","950",2020-08-10,293.569831580918
"951","951",2020-08-11,288.504343589823
"952","952",2020-08-12,307.281545784079
"953","953",2020-08-13,305.207782043529
"954","954",2020-08-14,307.554547694884
"955","955",2020-08-15,305.335872568461
"956","956",2020-08-16,301.553635126963
"957","957",2020-08-17,300.450801922827
"958","958",2020-08-18,300.794675502891
"959","959",2020-08-19,309.761802801038
"960","960",2020-08-20,316.546156909531
"961","961",2020-08-21,314.152881176857
"962","962",2020-08-22,326.397622636899
"963","963",2020-08-23,326.367961204236
"964","964",2020-08-24,324.993351727234
"965","965",2020-08-25,320.869570598457
"966","966",2020-08-26,333.937777341993
"967","967",2020-08-27,289.360827589812
"968","968",2020-08-28,290.342521808462
"969","969",2020-08-29,290.379316134124
"970","970",2020-08-30,288.167534059663
"971","971",2020-08-31,291.474126725771
"972","972",2020-09-01,291.474126725771
"973","973",2020-09-02,269.050369194718
"974","974",2020-09-03,294.370919389624
"975","975",2020-09-04,389.465117727099
"976","976",2020-09-05,390.965798226091
"977","977",2020-09-06,409.830737059638
"978","978",2020-09-07,412.143447907107
"979","979",2020-09-08,411.614310300007
"980","980",2020-09-09,416.308221033378
"981","981",2020-09-10,417.644043645592
"982","982",2020-09-11,412.446248774612
"983","983",2020-09-12,411.539156982263
"984","984",2020-09-13,405.766972070195
"985","985",2020-09-14,406.559639402513
"986","986",2020-09-15,412.370620563893
"987","987",2020-09-16,411.95585250869
"988","988",2020-09-17,409.019507378288
"989","989",2020-09-18,407.629700984876
"990","990",2020-09-19,404.686614816123
"991","991",2020-09-20,404.749325711319
"992","992",2020-09-21,399.066884766043
"993","993",2020-09-22,411.765117264631
"994","994",2020-09-23,412.444052468593
"995","995",2020-09-24,416.012931035462
"996","996",2020-09-25,427.536101084706
"997","997",2020-09-26,428.490063952895
"998","998",2020-09-27,428.06094484598
"999","999",2020-09-28,424.912924393273
"1000","1000",2020-09-29,424.963804642235
"1001","1001",2020-09-30,420.845146319333
"1002","1002",2020-10-01,420.845146319333
"1003","1003",2020-10-02,411.816719785192
"1004","1004",2020-10-03,393.707174641908
"1005","1005",2020-10-04,274.281455025479
"1006","1006",2020-10-05,272.418127848976
"1007","1007",2020-10-06,243.088265120732
"1008","1008",2020-10-07,253.350050345861
"1009","1009",2020-10-08,257.646738731027
"1010","1010",2020-10-09,253.978485989052
"1011","1011",2020-10-10,257.132786307967
"1012","1012",2020-10-11,256.525808334764
"1013","1013",2020-10-12,255.310691095231
"1014","1014",2020-10-13,256.004247648228
"1015","1015",2020-10-14,251.982470041788
"1016","1016",2020-10-15,243.956123399433
"1017","1017",2020-10-16,244.109690525404
"1018","1018",2020-10-17,247.21618446456
"1019","1019",2020-10-18,246.469557762951
"1020","1020",2020-10-19,247.963447623588
"1021","1021",2020-10-20,250.052287072861
"1022","1022",2020-10-21,244.919168151679
"1023","1023",2020-10-22,255.562084286953
"1024","1024",2020-10-23,259.49996566283
"1025","1025",2020-10-24,239.101846558322
"1026","1026",2020-10-25,207.862104184448
"1027","1027",2020-10-26,214.435822188214
"1028","1028",2020-10-27,216.322492593509
"1029","1029",2020-10-28,230.58228101047
"1030","1030",2020-10-29,245.611782245509
"1031","1031",2020-10-30,244.307060999159
"1032","1032",2020-10-31,244.246249272401
"1033","1033",2020-11-01,244.246249272401
"1034","1034",2020-11-02,237.579580327304
"1035","1035",2020-11-03,237.788967655709
"1036","1036",2020-11-04,239.968247496133
"1037","1037",2020-11-05,239.440693537386
"1038","1038",2020-11-06,295.903631308092
"1039","1039",2020-11-07,294.959626414116
"1040","1040",2020-11-08,325.265685785013
"1041","1041",2020-11-09,333.019696784452
"1042","1042",2020-11-10,335.126947754231
"1043","1043",2020-11-11,334.279565954484
"1044","1044",2020-11-12,334.838245074931
"1045","1045",2020-11-13,332.862142792175
"1046","1046",2020-11-14,330.139458743709
"1047","1047",2020-11-15,334.656510844015
"1048","1048",2020-11-16,331.105049600497
"1049","1049",2020-11-17,339.475812195332
"1050","1050",2020-11-18,352.885201397271
"1051","1051",2020-11-19,352.23785081493
"1052","1052",2020-11-20,352.104569380721
"1053","1053",2020-11-21,337.251741160037
"1054","1054",2020-11-22,338.756107640429
"1055","1055",2020-11-23,339.334562495761
"1056","1056",2020-11-24,340.186365329713
"1057","1057",2020-11-25,341.754963095164
"1058","1058",2020-11-26,354.979081950544
"1059","1059",2020-11-27,427.516038027724
"1060","1060",2020-11-28,414.514040014517
"1061","1061",2020-11-29,419.544925221104
"1062","1062",2020-11-30,417.81767981379
"1063","1063",2020-12-01,417.81767981379
"1064","1064",2020-12-02,436.390606535297
"1065","1065",2020-12-03,442.637507155755
"1066","1066",2020-12-04,440.683731542903
"1067","1067",2020-12-05,462.705559426659
"1068","1068",2020-12-06,429.336503984165
"1069","1069",2020-12-07,427.980600003179
"1070","1070",2020-12-08,409.050136486076
"1071","1071",2020-12-09,423.572090436185
"1072","1072",2020-12-10,421.065318993392
"1073","1073",2020-12-11,423.605488492766
"1074","1074",2020-12-12,424.09345370836
"1075","1075",2020-12-13,425.929786772612
"1076","1076",2020-12-14,427.403429517772
"1077","1077",2020-12-15,424.474828241572
"1078","1078",2020-12-16,422.176093277505
"1079","1079",2020-12-17,455.944951702163
"1080","1080",2020-12-18,456.711976040605
"1081","1081",2020-12-19,456.669120572015
"1082","1082",2020-12-20,458.053541968447
"1083","1083",2020-12-21,452.151444159922
"1084","1084",2020-12-22,458.605606053917
"1085","1085",2020-12-23,462.223249901153
"1086","1086",2020-12-24,475.359453855672
"1087","1087",2020-12-25,472.821532642758
"1088","1088",2020-12-26,468.528341987051
"1089","1089",2020-12-27,418.57887967217
"1090","1090",2020-12-28,417.384411761469
"1091","1091",2020-12-29,413.470284789436
"1092","1092",2020-12-30,412.937249563513
"1093","1093",2020-12-31,391.180946558339
"1094","1094",2021-01-01,391.180946558339
"1095","1095",2021-01-02,392.103318427574
"1096","1096",2021-01-03,428.940281639875
"1097","1097",2021-01-04,416.0882262543
"1098","1098",2021-01-05,429.522378228698
"1099","1099",2021-01-06,453.532948168239
"1100","1100",2021-01-07,470.198644870609
"1101","1101",2021-01-08,444.028015518598
"1102","1102",2021-01-09,443.322055620695
"1103","1103",2021-01-10,434.860072321465
"1104","1104",2021-01-11,451.195042657321
"1105","1105",2021-01-12,519.524730736437
"1106","1106",2021-01-13,542.432725461344
"1107","1107",2021-01-14,572.831126580075
"1108","1108",2021-01-15,570.808376984175
"1109","1109",2021-01-16,569.431581996315
"1110","1110",2021-01-17,558.775573972222
"1111","1111",2021-01-18,557.046269513526
"1112","1112",2021-01-19,555.809224720472
"1113","1113",2021-01-20,550.638756647254
"1114","1114",2021-01-21,541.821644098608
"1115","1115",2021-01-22,661.911337251603
"1116","1116",2021-01-23,657.934489209649
"1117","1117",2021-01-24,659.483326881683
"1118","1118",2021-01-25,658.737403412182
"1119","1119",2021-01-26,655.491611239487
"1120","1120",2021-01-27,653.805510189775
"1121","1121",2021-01-28,683.105514067917
"1122","1122",2021-01-29,706.694410020562
"1123","1123",2021-01-30,704.939172843507
"1124","1124",2021-01-31,705.683212459268
"1125","1125",2021-02-01,705.683212459268
"1126","1126",2021-02-02,680.825523433299
"1127","1127",2021-02-03,685.950993521934
"1128","1128",2021-02-04,687.502201329533
"1129","1129",2021-02-05,668.279298763241
"1130","1130",2021-02-06,647.311363986119
"1131","1131",2021-02-07,634.410761151467
"1132","1132",2021-02-08,633.72289548256
"1133","1133",2021-02-09,726.428473168516
"1134","1134",2021-02-10,714.092702581725
"1135","1135",2021-02-11,673.663937899008
"1136","1136",2021-02-12,663.437069112595
"1137","1137",2021-02-13,632.024022304332
"1138","1138",2021-02-14,625.260982508468
"1139","1139",2021-02-15,607.028675122288
"1140","1140",2021-02-16,609.141183404087
"1141","1141",2021-02-17,608.119073589916
"1142","1142",2021-02-18,615.976870168572
"1143","1143",2021-02-19,615.93290302827
"1144","1144",2021-02-20,634.364413203347
"1145","1145",2021-02-21,515.180593322298
"1146","1146",2021-02-22,504.573159410667
"1147","1147",2021-02-23,529.587962569295
"1148","1148",2021-02-24,606.254822415705
"1149","1149",2021-02-25,607.332135270557
"1150","1150",2021-02-26,631.687920495191
"1151","1151",2021-02-27,602.948588269681
"1152","1152",2021-02-28,587.6446941224
"1153","1153",2021-03-01,587.6446941224
"1154","1154",2021-03-02,615.04065955996
"1155","1155",2021-03-03,614.312714994299
"1156","1156",2021-03-04,617.269707037684
"1157","1157",2021-03-05,614.677768439004
"1158","1158",2021-03-06,608.404859189003
"1159","1159",2021-03-07,608.254318320455
"1160","1160",2021-03-08,608.642753861428
"1161","1161",2021-03-09,608.539014345418
"1162","1162",2021-03-10,609.669309047401
"1163","1163",2021-03-11,550.564954753515
"1164","1164",2021-03-12,548.818450022791
"1165","1165",2021-03-13,542.440822748147
"1166","1166",2021-03-14,547.190885410745
"1167","1167",2021-03-15,549.0721196335
"1168","1168",2021-03-16,559.000459319084
"1169","1169",2021-03-17,557.311286645283
"1170","1170",2021-03-18,561.441333631973
"1171","1171",2021-03-19,565.109998780551
"1172","1172",2021-03-20,558.651065190545
"1173","1173",2021-03-21,560.805553007449
"1174","1174",2021-03-22,542.843010130939
"1175","1175",2021-03-23,541.327920249266
"1176","1176",2021-03-24,537.025617021315
"1177","1177",2021-03-25,526.607739708485
"1178","1178",2021-03-26,461.050410116273
"1179","1179",2021-03-27,475.612267735687
"1180","1180",2021-03-28,449.636526357668
"1181","1181",2021-03-29,444.849493396579
"1182","1182",2021-03-30,446.539612643044
"1183","1183",2021-03-31,435.130059328832
"1184","1184",2021-04-01,435.130059328832
"1185","1185",2021-04-02,424.948825274519
"1186","1186",2021-04-03,415.037503999724
"1187","1187",2021-04-04,412.35475462829
"1188","1188",2021-04-05,411.908705967065
"1189","1189",2021-04-06,410.986355021974
"1190","1190",2021-04-07,402.938763390462
"1191","1191",2021-04-08,418.320395055559
"1192","1192",2021-04-09,416.432918637998
"1193","1193",2021-04-10,414.130530075945
"1194","1194",2021-04-11,418.767679028796
"1195","1195",2021-04-12,418.073864555546
"1196","1196",2021-04-13,387.437222963458
"1197","1197",2021-04-14,403.634440901626
"1198","1198",2021-04-15,377.510962498791
"1199","1199",2021-04-16,377.132592536769
"1200","1200",2021-04-17,378.660073732294
"1201","1201",2021-04-18,378.307134109881
"1202","1202",2021-04-19,413.471152384601
"1203","1203",2021-04-20,418.675803270004
"1204","1204",2021-04-21,425.142073183952
"1205","1205",2021-04-22,412.551328025424
"1206","1206",2021-04-23,422.900695246225
"1207","1207",2021-04-24,413.695747082934
"1208","1208",2021-04-25,428.233017085837
"1209","1209",2021-04-26,390.490123755582
"1210","1210",2021-04-27,465.997743286281
"1211","1211",2021-04-28,470.506550639785
"1212","1212",2021-04-29,462.864795648737
"1213","1213",2021-04-30,463.02318003928
"1214","1214",2021-05-01,463.02318003928
"1215","1215",2021-05-02,464.329045656721
"1216","1216",2021-05-03,467.486270517578
"1217","1217",2021-05-04,467.634624216949
"1218","1218",2021-05-05,488.865465834459
"1219","1219",2021-05-06,517.801656845083
"1220","1220",2021-05-07,520.804546577459
"1221","1221",2021-05-08,509.616686359192
"1222","1222",2021-05-09,510.326995147282
"1223","1223",2021-05-10,513.28865553896
"1224","1224",2021-05-11,515.625558401242
"1225","1225",2021-05-12,518.877425087537
"1226","1226",2021-05-13,565.003433470163
"1227","1227",2021-05-14,549.973706995475
"1228","1228",2021-05-15,556.297060465413
"1229","1229",2021-05-16,575.160144751239
"1230","1230",2021-05-17,574.053245981137
"1231","1231",2021-05-18,589.514607674044
"1232","1232",2021-05-19,579.721937465641
"1233","1233",2021-05-20,687.502895941447
"1234","1234",2021-05-21,785.529757816092
"1235","1235",2021-05-22,842.903551708245
"1236","1236",2021-05-23,846.748104342357
"1237","1237",2021-05-24,875.16053159454
"1238","1238",2021-05-25,973.051006685313
"1239","1239",2021-05-26,979.080835767939
"1240","1240",2021-05-27,942.804867935076
"1241","1241",2021-05-28,928.180176207009
"1242","1242",2021-05-29,944.125970206744
"1243","1243",2021-05-30,940.411483849459
"1244","1244",2021-05-31,924.853915284817
"1245","1245",2021-06-01,924.853915284817
"1246","1246",2021-06-02,921.253106419088
"1247","1247",2021-06-03,912.162537320851
"1248","1248",2021-06-04,910.468741154543
"1249","1249",2021-06-05,888.968343264582
"1250","1250",2021-06-06,889.464555990906
"1251","1251",2021-06-07,889.206948174124
"1252","1252",2021-06-08,885.971314941764
"1253","1253",2021-06-09,883.72876448416
"1254","1254",2021-06-10,914.668301355546
"1255","1255",2021-06-11,908.141273935124
"1256","1256",2021-06-12,885.606119555951
"1257","1257",2021-06-13,885.020676749553
"1258","1258",2021-06-14,905.348573049832
"1259","1259",2021-06-15,900.144732287533
"1260","1260",2021-06-16,900.500864798633
"1261","1261",2021-06-17,897.575446708235
"1262","1262",2021-06-18,896.492090861756
"1263","1263",2021-06-19,743.023615441831
"1264","1264",2021-06-20,707.198378023458
"1265","1265",2021-06-21,657.484543782081
"1266","1266",2021-06-22,741.553562580887
"1267","1267",2021-06-23,716.245043754664
"1268","1268",2021-06-24,633.414264303932
"1269","1269",2021-06-25,638.595981952166
"1270","1270",2021-06-26,648.048659995533
"1271","1271",2021-06-27,649.735874000404
"1272","1272",2021-06-28,651.967208432361
"1273","1273",2021-06-29,650.020180836731
"1274","1274",2021-06-30,654.915641101719
"1275","1275",2021-07-01,654.915641101719
"1276","1276",2021-07-02,666.546609847915
"1277","1277",2021-07-03,663.667637279609
"1278","1278",2021-07-04,657.997438700404
"1279","1279",2021-07-05,648.318107384065
"1280","1280",2021-07-06,650.829887017299
"1281","1281",2021-07-07,652.023852729886
"1282","1282",2021-07-08,635.845180497155
"1283","1283",2021-07-09,646.005050649838
"1284","1284",2021-07-10,619.539450668667
"1285","1285",2021-07-11,618.402107294104
"1286","1286",2021-07-12,618.861123296238
"1287","1287",2021-07-13,624.508220750162
"1288","1288",2021-07-14,601.004667929559
"1289","1289",2021-07-15,596.667768590479
"1290","1290",2021-07-16,602.914395904002
"1291","1291",2021-07-17,595.033178847035
"1292","1292",2021-07-18,603.131928759953
"1293","1293",2021-07-19,570.986582105084
"1294","1294",2021-07-20,573.832095967354
"1295","1295",2021-07-21,573.819190277441
"1296","1296",2021-07-22,503.915793268746
"1297","1297",2021-07-23,502.222174784125
"1298","1298",2021-07-24,484.809927903294
"1299","1299",2021-07-25,480.396346217413
"1300","1300",2021-07-26,439.916980309819
"1301","1301",2021-07-27,444.626008726505
"1302","1302",2021-07-28,411.742548338489
"1303","1303",2021-07-29,412.238996004531
"1304","1304",2021-07-30,401.794482368047
"1305","1305",2021-07-31,408.374807103154
"1306","1306",2021-08-01,408.374807103154
"1307","1307",2021-08-02,418.872310505765
"1308","1308",2021-08-03,415.074239369885
"1309","1309",2021-08-04,417.294935869708
"1310","1310",2021-08-05,415.004315532113
"1311","1311",2021-08-06,417.45972369727
"1312","1312",2021-08-07,423.471252611199
"1313","1313",2021-08-08,419.668463383075
"1314","1314",2021-08-09,428.060188648896
"1315","1315",2021-08-10,432.57757009608
"1316","1316",2021-08-11,433.190182014701
"1317","1317",2021-08-12,418.52233634069
"1318","1318",2021-08-13,417.141064334101
"1319","1319",2021-08-14,443.613606975662
"1320","1320",2021-08-15,426.654646949295
"1321","1321",2021-08-16,415.811604979627
"1322","1322",2021-08-17,416.963968918223
"1323","1323",2021-08-18,450.214764656405
"1324","1324",2021-08-19,437.877503734293
"1325","1325",2021-08-20,429.553473139006
"1326","1326",2021-08-21,401.169591902904
"1327","1327",2021-08-22,406.188692908475
"1328","1328",2021-08-23,407.629010318037
"1329","1329",2021-08-24,407.030171207022
"1330","1330",2021-08-25,428.710443430875
"1331","1331",2021-08-26,423.936392441853
"1332","1332",2021-08-27,438.210833230708
"1333","1333",2021-08-28,447.7622631683
"1334","1334",2021-08-29,450.705479471583
"1335","1335",2021-08-30,445.652582437117
"1336","1336",2021-08-31,455.797668839651
"1337","1337",2021-09-01,455.797668839651
"1338","1338",2021-09-02,467.02497860127
"1339","1339",2021-09-03,457.838192369965
"1340","1340",2021-09-04,449.485463404525
"1341","1341",2021-09-05,449.173300382248
"1342","1342",2021-09-06,446.197205651951
"1343","1343",2021-09-07,428.237007945862
"1344","1344",2021-09-08,530.195213392366
"1345","1345",2021-09-09,529.391688161717
"1346","1346",2021-09-10,533.443284495077
"1347","1347",2021-09-11,549.837460109562
"1348","1348",2021-09-12,550.505231013179
"1349","1349",2021-09-13,524.627733292079
"1350","1350",2021-09-14,532.256838544474
"1351","1351",2021-09-15,537.980324937527
"1352","1352",2021-09-16,536.42467481972
"1353","1353",2021-09-17,524.739270809362
"1354","1354",2021-09-18,524.576774475207
"1355","1355",2021-09-19,520.592721415748
"1356","1356",2021-09-20,504.886550460113
"1357","1357",2021-09-21,560.349368754114
"1358","1358",2021-09-22,579.440828467189
"1359","1359",2021-09-23,637.046821338158
"1360","1360",2021-09-24,643.190275216847
"1361","1361",2021-09-25,655.303447687045
"1362","1362",2021-09-26,654.138277347336
"1363","1363",2021-09-27,646.08695433874
"1364","1364",2021-09-28,653.324386066415
"1365","1365",2021-09-29,655.73495634953
"1366","1366",2021-09-30,655.105585821225
"1367","1367",2021-10-01,655.105585821225
"1368","1368",2021-10-02,685.212637846188
"1369","1369",2021-10-03,685.322666183154
"1370","1370",2021-10-04,684.953081834258
"1371","1371",2021-10-05,685.766532691872
"1372","1372",2021-10-06,690.120006040963
"1373","1373",2021-10-07,699.553208552397
"1374","1374",2021-10-08,607.476165305908
"1375","1375",2021-10-09,603.499493870891
"1376","1376",2021-10-10,602.079205579147
"1377","1377",2021-10-11,588.807832764673
"1378","1378",2021-10-12,591.999626261048
"1379","1379",2021-10-13,582.605125431076
"1380","1380",2021-10-14,577.79332668682
"1381","1381",2021-10-15,575.084888437526
"1382","1382",2021-10-16,587.223750701318
"1383","1383",2021-10-17,586.937614884642
"1384","1384",2021-10-18,584.345093815143
"1385","1385",2021-10-19,585.094520471218
"1386","1386",2021-10-20,583.211730027102
"1387","1387",2021-10-21,498.722067184865
"1388","1388",2021-10-22,480.355956464902
"1389","1389",2021-10-23,431.216971065385
"1390","1390",2021-10-24,426.508781992406
"1391","1391",2021-10-25,399.832705959946
"1392","1392",2021-10-26,399.749356943988
"1393","1393",2021-10-27,414.198541883809
"1394","1394",2021-10-28,424.772783226889
"1395","1395",2021-10-29,427.741699603058
"1396","1396",2021-10-30,431.866508982885
"1397","1397",2021-10-31,426.688158761615
"1398","1398",2021-11-01,426.688158761615
"1399","1399",2021-11-02,429.301481335343
"1400","1400",2021-11-03,438.251455228058
"1401","1401",2021-11-04,440.065613303561
"1402","1402",2021-11-05,439.863170827842
"1403","1403",2021-11-06,430.401912616186
"1404","1404",2021-11-07,417.718648100712
"1405","1405",2021-11-08,421.170211195986
"1406","1406",2021-11-09,445.70529831173
"1407","1407",2021-11-10,441.154962033095
"1408","1408",2021-11-11,454.890464377384
"1409","1409",2021-11-12,456.37603330509
"1410","1410",2021-11-13,456.500564719874
"1411","1411",2021-11-14,457.192590478129
"1412","1412",2021-11-15,432.984914171344
"1413","1413",2021-11-16,438.633102226153
"1414","1414",2021-11-17,484.094879212886
"1415","1415",2021-11-18,485.400315493183
"1416","1416",2021-11-19,516.39448143324
"1417","1417",2021-11-20,515.979751259052
"1418","1418",2021-11-21,505.092834022646
"1419","1419",2021-11-22,501.75857837625
"1420","1420",2021-11-23,523.934698296794
"1421","1421",2021-11-24,533.01944906902
"1422","1422",2021-11-25,526.282173267119
"1423","1423",2021-11-26,530.229601914439
"1424","1424",2021-11-27,584.435397697204
"1425","1425",2021-11-28,563.174366670575
"1426","1426",2021-11-29,572.834284498528
"1427","1427",2021-11-30,574.123281698609
"1428","1428",2021-12-01,574.123281698609
"1429","1429",2021-12-02,573.520920008509
"1430","1430",2021-12-03,563.643289705299
"1431","1431",2021-12-04,580.320587217107
"1432","1432",2021-12-05,606.960734831974
"1433","1433",2021-12-06,605.683922189578
"1434","1434",2021-12-07,616.61931776955
"1435","1435",2021-12-08,611.152515991257
"1436","1436",2021-12-09,585.447868911814
"1437","1437",2021-12-10,600.209378186036
"1438","1438",2021-12-11,596.738886209488
"1439","1439",2021-12-12,606.779158186583
"1440","1440",2021-12-13,608.871221677972
"1441","1441",2021-12-14,637.183159885996
"1442","1442",2021-12-15,644.20723075589
"1443","1443",2021-12-16,648.456947359732
"1444","1444",2021-12-17,628.599363921246
"1445","1445",2021-12-18,628.293045437513
"1446","1446",2021-12-19,610.186754185546
"1447","1447",2021-12-20,596.370160175491
"1448","1448",2021-12-21,588.888203585122
"1449","1449",2021-12-22,600.424260414805
"1450","1450",2021-12-23,583.610058935472
"1451","1451",2021-12-24,586.165196271594
"1452","1452",2021-12-25,583.16653190593
"1453","1453",2021-12-26,570.949336485193
"1454","1454",2021-12-27,511.39091455061
"1455","1455",2021-12-28,506.163653273688
"1456","1456",2021-12-29,511.142019073921
"1457","1457",2021-12-30,510.013755575569
"1458","1458",2021-12-31,513.514468792105
"1459","1459",2022-01-01,513.514468792105
"1460","1460",2022-01-02,520.890163226705
"1461","1461",2022-01-03,505.158588658677
"1462","1462",2022-01-04,475.19238287403
"1463","1463",2022-01-05,474.645412709286
"1464","1464",2022-01-06,491.124836379402
"1465","1465",2022-01-07,491.540806540141
"1466","1466",2022-01-08,500.573160780628
"1467","1467",2022-01-09,485.001962801396
"1468","1468",2022-01-10,480.07536677771
"1469","1469",2022-01-11,468.826884108536
"1470","1470",2022-01-12,479.432100007232
"1471","1471",2022-01-13,453.057234440191
"1472","1472",2022-01-14,450.624386280952
"1473","1473",2022-01-15,446.72051544707
"1474","1474",2022-01-16,440.894682355839
"1475","1475",2022-01-17,437.085369127
"1476","1476",2022-01-18,435.457443222498
"1477","1477",2022-01-19,433.96169441255
"1478","1478",2022-01-20,436.362048197657
"1479","1479",2022-01-21,428.232180249476
"1480","1480",2022-01-22,529.889271196366
"1481","1481",2022-01-23,532.93355852492
"1482","1482",2022-01-24,561.288551946833
"1483","1483",2022-01-25,564.196233622389
"1484","1484",2022-01-26,567.543717035957
"1485","1485",2022-01-27,572.204450378411
"1486","1486",2022-01-28,557.615734747068
"1487","1487",2022-01-29,559.537863713423
"1488","1488",2022-01-30,556.21228666809
"1489","1489",2022-01-31,555.35659235871
"1490","1490",2022-02-01,555.35659235871
"1491","1491",2022-02-02,560.025694846578
"1492","1492",2022-02-03,567.033924969275
"1493","1493",2022-02-04,566.499742414944
"1494","1494",2022-02-05,619.378829322384
"1495","1495",2022-02-06,621.884845111171
"1496","1496",2022-02-07,611.169658293515
"1497","1497",2022-02-08,619.659170779707
"1498","1498",2022-02-09,620.294214920294
"1499","1499",2022-02-10,619.949045540477
"1500","1500",2022-02-11,617.22860018831
"1501","1501",2022-02-12,614.221599991559
"1502","1502",2022-02-13,606.491522605333
"1503","1503",2022-02-14,602.588094969859
"1504","1504",2022-02-15,602.088143748967
"1505","1505",2022-02-16,623.080207066455
"1506","1506",2022-02-17,620.445294201753
"1507","1507",2022-02-18,660.774464454585
"1508","1508",2022-02-19,661.913044631669
"1509","1509",2022-02-20,658.091211084585
"1510","1510",2022-02-21,564.765471685564
"1511","1511",2022-02-22,552.596487988453
"1512","1512",2022-02-23,545.926556681346
"1513","1513",2022-02-24,548.523241970779
"1514","1514",2022-02-25,550.31830182441
"1515","1515",2022-02-26,558.975608928534
"1516","1516",2022-02-27,556.930913257714
"1517","1517",2022-02-28,563.868677075004
"1518","1518",2022-03-01,563.868677075004
"1519","1519",2022-03-02,568.292523198277
"1520","1520",2022-03-03,568.846764583907
"1521","1521",2022-03-04,576.126532430802
"1522","1522",2022-03-05,602.393337132443
"1523","1523",2022-03-06,602.772457677455
"1524","1524",2022-03-07,548.064624987824
"1525","1525",2022-03-08,546.907961453067
"1526","1526",2022-03-09,547.270748128226
"1527","1527",2022-03-10,571.826645206805
"1528","1528",2022-03-11,586.816103104589
"1529","1529",2022-03-12,585.711060446918
"1530","1530",2022-03-13,582.855540705085
"1531","1531",2022-03-14,578.918622241519
"1532","1532",2022-03-15,588.37846257973
"1533","1533",2022-03-16,588.337673211736
"1534","1534",2022-03-17,598.840771233962
"1535","1535",2022-03-18,578.548428211788
"1536","1536",2022-03-19,582.474377719631
"1537","1537",2022-03-20,548.826922039991
"1538","1538",2022-03-21,551.539091283977
"1539","1539",2022-03-22,553.690521161089
"1540","1540",2022-03-23,544.873589338343
"1541","1541",2022-03-24,536.952698648304
"1542","1542",2022-03-25,536.689940670908
"1543","1543",2022-03-26,533.65821803681
"1544","1544",2022-03-27,533.412084521371
"1545","1545",2022-03-28,535.353883653387
"1546","1546",2022-03-29,534.210302329225
"1547","1547",2022-03-30,520.494258936837
"1548","1548",2022-03-31,423.889385554692
"1549","1549",2022-04-01,423.889385554692
"1550","1550",2022-04-02,429.256365624777
"1551","1551",2022-04-03,418.66403083035
"1552","1552",2022-04-04,352.300540798567
"1553","1553",2022-04-05,354.227911128667
"1554","1554",2022-04-06,344.322393296705
"1555","1555",2022-04-07,396.8095800674
"1556","1556",2022-04-08,396.10798891108
"1557","1557",2022-04-09,362.88928839723
"1558","1558",2022-04-10,332.116999595928
"1559","1559",2022-04-11,332.940681012434
"1560","1560",2022-04-12,392.157970721215
"1561","1561",2022-04-13,387.91530270904
"1562","1562",2022-04-14,383.088509803131
"1563","1563",2022-04-15,393.492892839171
"1564","1564",2022-04-16,381.246475930457
"1565","1565",2022-04-17,380.749545654791
"1566","1566",2022-04-18,380.982785281603
"1567","1567",2022-04-19,382.933253715515
"1568","1568",2022-04-20,378.870173918439
"1569","1569",2022-04-21,378.601974090567
"1570","1570",2022-04-22,381.682921044282
"1571","1571",2022-04-23,379.981721579597
"1572","1572",2022-04-24,372.110827701531
"1573","1573",2022-04-25,370.978848756444
"1574","1574",2022-04-26,376.12739335191
"1575","1575",2022-04-27,386.739099459477
"1576","1576",2022-04-28,393.776177968778
"1577","1577",2022-04-29,392.00382357396
"1578","1578",2022-04-30,396.020601766459
"1579","1579",2022-05-01,396.020601766459
"1580","1580",2022-05-02,395.129454032414
"1581","1581",2022-05-03,395.802380098449
"1582","1582",2022-05-04,392.943162871107
"1583","1583",2022-05-05,418.830141975703
"1584","1584",2022-05-06,453.689118670807
"1585","1585",2022-05-07,431.608219100235
"1586","1586",2022-05-08,430.941436932376
"1587","1587",2022-05-09,436.600390992911
"1588","1588",2022-05-10,518.339219730412
"1589","1589",2022-05-11,531.779892678189
"1590","1590",2022-05-12,572.628494636453
"1591","1591",2022-05-13,568.267171988773
"1592","1592",2022-05-14,568.517347569792
"1593","1593",2022-05-15,578.762459944114
"1594","1594",2022-05-16,590.718389551628
"1595","1595",2022-05-17,597.911965900261
"1596","1596",2022-05-18,603.331882987636
"1597","1597",2022-05-19,613.522572196666
"1598","1598",2022-05-20,629.425966021749
"1599","1599",2022-05-21,630.645168425738
"1600","1600",2022-05-22,632.250253558232
"1601","1601",2022-05-23,640.622891087979
"1602","1602",2022-05-24,642.863238244386
"1603","1603",2022-05-25,644.592854901445
"1604","1604",2022-05-26,636.567861812909
"1605","1605",2022-05-27,622.919965592872
"1606","1606",2022-05-28,614.507389791093
"1607","1607",2022-05-29,616.742457395041
"1608","1608",2022-05-30,621.005079260548
"1609","1609",2022-05-31,654.629139118886
"1610","1610",2022-06-01,654.629139118886
"1611","1611",2022-06-02,669.682209195724
"1612","1612",2022-06-03,675.94810959614
"1613","1613",2022-06-04,657.033993951244
"1614","1614",2022-06-05,639.099119704297
"1615","1615",2022-06-06,635.87061949288
"1616","1616",2022-06-07,645.354185800057
"1617","1617",2022-06-08,638.898133760031
"1618","1618",2022-06-09,556.232163548571
"1619","1619",2022-06-10,548.336817073491
"1620","1620",2022-06-11,469.588190151383
"1621","1621",2022-06-12,483.518004749155
"1622","1622",2022-06-13,492.058039379622
"1623","1623",2022-06-14,637.634657176779
"1624","1624",2022-06-15,629.312701339847
"1625","1625",2022-06-16,633.007683030536
"1626","1626",2022-06-17,680.344450890339
"1627","1627",2022-06-18,665.489091089704
"1628","1628",2022-06-19,662.520983458066
"1629","1629",2022-06-20,709.666930934508
"1630","1630",2022-06-21,708.824647388234
"1631","1631",2022-06-22,700.829310548707
"1632","1632",2022-06-23,700.931231059919
"1633","1633",2022-06-24,722.500719017313
"1634","1634",2022-06-25,732.368835030418
"1635","1635",2022-06-26,731.021739763635
"1636","1636",2022-06-27,729.70161381849
"1637","1637",2022-06-28,723.49542076322
"1638","1638",2022-06-29,722.980784110615
"1639","1639",2022-06-30,684.368268153502
"1640","1640",2022-07-01,684.368268153502
"1641","1641",2022-07-02,676.473070474759
"1642","1642",2022-07-03,672.601254697015
"1643","1643",2022-07-04,673.634843011421
"1644","1644",2022-07-05,691.093641539399
"1645","1645",2022-07-06,689.710374789452
"1646","1646",2022-07-07,683.559546737928
"1647","1647",2022-07-08,697.571037977522
"1648","1648",2022-07-09,699.788529160661
"1649","1649",2022-07-10,699.225522266866
"1650","1650",2022-07-11,697.682799973852
"1651","1651",2022-07-12,698.813952997912
"1652","1652",2022-07-13,693.573277320964
"1653","1653",2022-07-14,568.991805651514
"1654","1654",2022-07-15,578.66167596028
"1655","1655",2022-07-16,578.109067946864
"1656","1656",2022-07-17,512.51052435561
"1657","1657",2022-07-18,517.169231830276
"1658","1658",2022-07-19,521.792047910698
"1659","1659",2022-07-20,481.272530780791
"1660","1660",2022-07-21,482.636400938694
"1661","1661",2022-07-22,483.046567167171
"1662","1662",2022-07-23,472.751002467719
"1663","1663",2022-07-24,447.739260747409
"1664","1664",2022-07-25,441.203150920227
"1665","1665",2022-07-26,484.861476107551
"1666","1666",2022-07-27,481.215310954563
"1667","1667",2022-07-28,532.640317951361
"1668","1668",2022-07-29,531.066992476038
"1669","1669",2022-07-30,526.840720988361
"1670","1670",2022-07-31,513.984377929779
"1671","1671",2022-08-01,513.984377929779
"1672","1672",2022-08-02,515.142445929254
"1673","1673",2022-08-03,518.136644062955
"1674","1674",2022-08-04,507.208076553935
"1675","1675",2022-08-05,505.804377061024
"1676","1676",2022-08-06,507.594516556345
"1677","1677",2022-08-07,495.593663210967
"1678","1678",2022-08-08,498.642359784263
"1679","1679",2022-08-09,500.364833376512
"1680","1680",2022-08-10,498.198940654598
"1681","1681",2022-08-11,482.760018859437
"1682","1682",2022-08-12,466.008006712911
"1683","1683",2022-08-13,450.695918875679
"1684","1684",2022-08-14,445.785662105843
"1685","1685",2022-08-15,448.772913570096
"1686","1686",2022-08-16,442.893033945682
"1687","1687",2022-08-17,442.183522640311
"1688","1688",2022-08-18,386.277558254518
"1689","1689",2022-08-19,383.400090643603
"1690","1690",2022-08-20,481.155338933976
"1691","1691",2022-08-21,480.31349748296
"1692","1692",2022-08-22,481.845143832345
"1693","1693",2022-08-23,481.80467741455
"1694","1694",2022-08-24,480.784154921598
"1695","1695",2022-08-25,445.282804909328
"1696","1696",2022-08-26,445.619280570275
"1697","1697",2022-08-27,436.237293965112
"1698","1698",2022-08-28,420.455806105526
"1699","1699",2022-08-29,418.715786802658
"1700","1700",2022-08-30,436.221429017938
"1701","1701",2022-08-31,438.022016668191
"1702","1702",2022-09-01,438.022016668191
"1703","1703",2022-09-02,439.401256828326
"1704","1704",2022-09-03,439.329382145792
"1705","1705",2022-09-04,439.171913851176
"1706","1706",2022-09-05,428.647070799527
"1707","1707",2022-09-06,428.73619721246
"1708","1708",2022-09-07,437.447133203578
"1709","1709",2022-09-08,437.95538952625
"1710","1710",2022-09-09,434.517738888313
"1711","1711",2022-09-10,456.545692073389
"1712","1712",2022-09-11,456.239346036958
"1713","1713",2022-09-12,455.951125820525
"1714","1714",2022-09-13,455.73973814503
"1715","1715",2022-09-14,491.114026382568
"1716","1716",2022-09-15,496.815637200478
"1717","1717",2022-09-16,506.009810685345
"1718","1718",2022-09-17,503.125424102884
"1719","1719",2022-09-18,511.124809002544
"1720","1720",2022-09-19,456.467401823924
"1721","1721",2022-09-20,460.511614374851
"1722","1722",2022-09-21,461.641922583263
"1723","1723",2022-09-22,465.829528013635
"1724","1724",2022-09-23,483.758458085418
"1725","1725",2022-09-24,486.137268727449
"1726","1726",2022-09-25,485.378371694422
"1727","1727",2022-09-26,451.30528844177
"1728","1728",2022-09-27,454.042192895878
"1729","1729",2022-09-28,451.298337016244
"1730","1730",2022-09-29,439.047701328331
"1731","1731",2022-09-30,437.282004194674
"1732","1732",2022-10-01,437.282004194674
"1733","1733",2022-10-02,436.813391032655
"1734","1734",2022-10-03,437.382948222851
"1735","1735",2022-10-04,441.70748665761
"1736","1736",2022-10-05,448.182296274132
"1737","1737",2022-10-06,448.185062799884
"1738","1738",2022-10-07,437.723985328894
"1739","1739",2022-10-08,433.085109966308
"1740","1740",2022-10-09,432.729408818541
"1741","1741",2022-10-10,395.612006381133
"1742","1742",2022-10-11,391.521757001149
"1743","1743",2022-10-12,390.921906006812
"1744","1744",2022-10-13,390.33217501546
"1745","1745",2022-10-14,324.399357368112
"1746","1746",2022-10-15,318.292534282943
"1747","1747",2022-10-16,291.200210538807
"1748","1748",2022-10-17,290.457473338424
"1749","1749",2022-10-18,285.598052800097
"1750","1750",2022-10-19,244.716117998691
"1751","1751",2022-10-20,245.702469153686
"1752","1752",2022-10-21,233.94396032283
"1753","1753",2022-10-22,225.420808176044
"1754","1754",2022-10-23,175.149653627944
"1755","1755",2022-10-24,185.995976804527
"1756","1756",2022-10-25,186.412941594676
"1757","1757",2022-10-26,236.250369838231
"1758","1758",2022-10-27,258.983606869672
"1759","1759",2022-10-28,270.357060239259
"1760","1760",2022-10-29,276.026769379643
"1761","1761",2022-10-30,285.713163604442
"1762","1762",2022-10-31,288.573978405922
"1763","1763",2022-11-01,288.573978405922
"1764","1764",2022-11-02,280.789894825337
"1765","1765",2022-11-03,283.597172934498
"1766","1766",2022-11-04,263.893070978266
"1767","1767",2022-11-05,306.504652834159
"1768","1768",2022-11-06,302.596906849071
"1769","1769",2022-11-07,307.092290254564
"1770","1770",2022-11-08,308.643168038278
"1771","1771",2022-11-09,443.195460630726
"1772","1772",2022-11-10,727.015673337787
"1773","1773",2022-11-11,821.497908662222
"1774","1774",2022-11-12,786.279450495093
"1775","1775",2022-11-13,772.031791303727
"1776","1776",2022-11-14,761.925613477808
"1777","1777",2022-11-15,749.270041508205
"1778","1778",2022-11-16,734.244391802061
"1779","1779",2022-11-17,725.062874741259
"1780","1780",2022-11-18,721.502758891743
"1781","1781",2022-11-19,717.195844174823
"1782","1782",2022-11-20,714.234726980046
"1783","1783",2022-11-21,716.408968471841
"1784","1784",2022-11-22,715.131100619096
"1785","1785",2022-11-23,713.517887599006
"1786","1786",2022-11-24,719.271956809521
"1787","1787",2022-11-25,701.916106736563
"1788","1788",2022-11-26,687.962757315623
"1789","1789",2022-11-27,685.54043506953
"1790","1790",2022-11-28,681.295760231311
"1791","1791",2022-11-29,676.172123456205
"1792","1792",2022-11-30,681.33552577802
"1793","1793",2022-12-01,681.33552577802
"1794","1794",2022-12-02,682.347452680808
"1795","1795",2022-12-03,681.762195953766
"1796","1796",2022-12-04,682.066850487634
"1797","1797",2022-12-05,662.217775401415
"1798","1798",2022-12-06,664.177724451091
"1799","1799",2022-12-07,664.72481504376
"1800","1800",2022-12-08,667.147379585913
"1801","1801",2022-12-09,606.419902854983
"1802","1802",2022-12-10,368.4534243574
"1803","1803",2022-12-11,188.454387270779
"1804","1804",2022-12-12,206.108645426743
"1805","1805",2022-12-13,218.884308193218
"1806","1806",2022-12-14,227.775871231435
"1807","1807",2022-12-15,233.341929577878
"1808","1808",2022-12-16,253.791706112984
"1809","1809",2022-12-17,310.412191846604
"1810","1810",2022-12-18,317.08594984956
"1811","1811",2022-12-19,317.255913132369
"1812","1812",2022-12-20,323.707071925393
"1813","1813",2022-12-21,319.872636173081
"1814","1814",2022-12-22,311.485546610712
"1815","1815",2022-12-23,304.594979953128
"1816","1816",2022-12-24,290.695159974616
"1817","1817",2022-12-25,291.425728025308
"1818","1818",2022-12-26,293.273393755003
"1819","1819",2022-12-27,296.054604027345
"1820","1820",2022-12-28,299.40404656369
"1821","1821",2022-12-29,298.560014737933
"1822","1822",2022-12-30,295.434952549794
"1823","1823",2022-12-31,267.272986725838
"1824","1824",2023-01-01,267.272986725838
"1825","1825",2023-01-02,269.056139456472
"1826","1826",2023-01-03,272.757178786988
"1827","1827",2023-01-04,269.882501257062
"1828","1828",2023-01-05,278.775997766006
"1829","1829",2023-01-06,280.915486399425
"1830","1830",2023-01-07,280.657469167531
"1831","1831",2023-01-08,261.378253011682
"1832","1832",2023-01-09,251.525957465878
"1833","1833",2023-01-10,252.709493452758
"1834","1834",2023-01-11,254.27547306089
"1835","1835",2023-01-12,268.320451760038
"1836","1836",2023-01-13,273.153213111827
"1837","1837",2023-01-14,290.066327913125
"1838","1838",2023-01-15,309.339734610529
"1839","1839",2023-01-16,240.743158171055
"1840","1840",2023-01-17,238.9160241349
"1841","1841",2023-01-18,239.63247561797
"1842","1842",2023-01-19,254.141373538246
"1843","1843",2023-01-20,246.291461139818
"1844","1844",2023-01-21,289.75720834898
"1845","1845",2023-01-22,291.392011680766
"1846","1846",2023-01-23,289.308197184315
"1847","1847",2023-01-24,287.383428843949
"1848","1848",2023-01-25,300.500521445687
"1849","1849",2023-01-26,303.201421713288
"1850","1850",2023-01-27,299.37877661124
"1851","1851",2023-01-28,292.051950620036
"1852","1852",2023-01-29,294.451469978585
"1853","1853",2023-01-30,298.828716049129
"1854","1854",2023-01-31,327.763283235784
"1855","1855",2023-02-01,327.763283235784
"1856","1856",2023-02-02,328.424649826926
"1857","1857",2023-02-03,327.050938090943
"1858","1858",2023-02-04,323.282099924524
"1859","1859",2023-02-05,319.241687357522
"1860","1860",2023-02-06,319.360847953287
"1861","1861",2023-02-07,312.297817849177
"1862","1862",2023-02-08,328.187868502125
"1863","1863",2023-02-09,351.144096050444
"1864","1864",2023-02-10,390.027345210355
"1865","1865",2023-02-11,385.166473816507
"1866","1866",2023-02-12,378.217523247693
"1867","1867",2023-02-13,369.490234558391
"1868","1868",2023-02-14,340.610153529929
"1869","1869",2023-02-15,343.214898681109
"1870","1870",2023-02-16,394.312973811604
"1871","1871",2023-02-17,398.024215486984
"1872","1872",2023-02-18,392.001082037408
"1873","1873",2023-02-19,390.841643775193
"1874","1874",2023-02-20,364.973017819364
"1875","1875",2023-02-21,365.209733745769
"1876","1876",2023-02-22,368.492193373729
"1877","1877",2023-02-23,365.858214793307
"1878","1878",2023-02-24,357.95005524679
"1879","1879",2023-02-25,356.654668797734
"1880","1880",2023-02-26,353.905916568661
"1881","1881",2023-02-27,355.090068734153
"1882","1882",2023-02-28,353.53629899029
"1883","1883",2023-03-01,353.53629899029
"1884","1884",2023-03-02,343.227626241058
"1885","1885",2023-03-03,340.901223084355
"1886","1886",2023-03-04,348.106901362999
"1887","1887",2023-03-05,347.919022472499
"1888","1888",2023-03-06,346.702786933086
"1889","1889",2023-03-07,346.228380064328
"1890","1890",2023-03-08,344.776098491072
"1891","1891",2023-03-09,347.462496067503
"1892","1892",2023-03-10,370.797024559229
"1893","1893",2023-03-11,372.6190736495
"1894","1894",2023-03-12,356.612403033584
"1895","1895",2023-03-13,389.824530307742
"1896","1896",2023-03-14,431.125871571426
"1897","1897",2023-03-15,437.802821895102
"1898","1898",2023-03-16,443.937293926388
"1899","1899",2023-03-17,446.79825758444
"1900","1900",2023-03-18,439.376909992229
"1901","1901",2023-03-19,437.517843989844
"1902","1902",2023-03-20,438.505782880607
"1903","1903",2023-03-21,441.926001640459
"1904","1904",2023-03-22,447.099641231908
"1905","1905",2023-03-23,455.177231099951
"1906","1906",2023-03-24,459.361717746704
"1907","1907",2023-03-25,466.531449019156
"1908","1908",2023-03-26,466.612801416024
"1909","1909",2023-03-27,460.199517828739
"1910","1910",2023-03-28,468.771730374069
"1911","1911",2023-03-29,467.849053139081
"1912","1912",2023-03-30,471.94424717947
"1913","1913",2023-03-31,469.609174085644
"1914","1914",2023-04-01,469.609174085644
"1915","1915",2023-04-02,468.665222874505
"1916","1916",2023-04-03,452.802710808257
"1917","1917",2023-04-04,452.66601140425
"1918","1918",2023-04-05,452.538474731446
"1919","1919",2023-04-06,451.872109670229
"1920","1920",2023-04-07,452.856203439021
"1921","1921",2023-04-08,449.315540178447
"1922","1922",2023-04-09,397.7422043717
"1923","1923",2023-04-10,395.611300615015
"1924","1924",2023-04-11,403.166088465393
"1925","1925",2023-04-12,368.493333417156
"1926","1926",2023-04-13,317.399137487048
"1927","1927",2023-04-14,319.883702591088
"1928","1928",2023-04-15,312.031949695546
"1929","1929",2023-04-16,309.057294982789
"1930","1930",2023-04-17,254.268529418622
"1931","1931",2023-04-18,263.973056155676
"1932","1932",2023-04-19,257.711175833001
"1933","1933",2023-04-20,304.953544883513
"1934","1934",2023-04-21,300.584380188628
"1935","1935",2023-04-22,304.151978541946
"1936","1936",2023-04-23,294.289663487728
"1937","1937",2023-04-24,285.502296010623
"1938","1938",2023-04-25,287.399190991591
"1939","1939",2023-04-26,293.522672654608
"1940","1940",2023-04-27,282.615422094792
"1941","1941",2023-04-28,291.055724229614
"1942","1942",2023-04-29,284.384744749227
"1943","1943",2023-04-30,285.255916601476
"1944","1944",2023-05-01,285.255916601476
"1945","1945",2023-05-02,302.293958158319
"1946","1946",2023-05-03,304.265351645838
"1947","1947",2023-05-04,306.765009257227
"1948","1948",2023-05-05,306.170970405149
"1949","1949",2023-05-06,316.320018419249
"1950","1950",2023-05-07,325.080399101491
"1951","1951",2023-05-08,325.701831027093
"1952","1952",2023-05-09,334.632176050406
"1953","1953",2023-05-10,332.741920961553
"1954","1954",2023-05-11,315.467010989451
"1955","1955",2023-05-12,314.289302463186
"1956","1956",2023-05-13,313.419176352301
"1957","1957",2023-05-14,303.433015669066
"1958","1958",2023-05-15,298.79492361617
"1959","1959",2023-05-16,300.763706322495
"1960","1960",2023-05-17,299.407019275792
"1961","1961",2023-05-18,294.962065344721
"1962","1962",2023-05-19,286.245817000895
"1963","1963",2023-05-20,240.768558598279
"1964","1964",2023-05-21,240.224210148124
"1965","1965",2023-05-22,222.513826746453
"1966","1966",2023-05-23,216.327008210269
"1967","1967",2023-05-24,220.248886824651
"1968","1968",2023-05-25,233.883100000177
"1969","1969",2023-05-26,224.160908305089
"1970","1970",2023-05-27,227.119684440398
"1971","1971",2023-05-28,210.575938871648
"1972","1972",2023-05-29,241.060663324702
"1973","1973",2023-05-30,242.036457811701
"1974","1974",2023-05-31,241.764237275964
"1975","1975",2023-06-01,241.764237275964
"1976","1976",2023-06-02,239.107985141235
"1977","1977",2023-06-03,242.465588578711
"1978","1978",2023-06-04,242.468823545768
"1979","1979",2023-06-05,226.854703332979
"1980","1980",2023-06-06,257.571077603178
"1981","1981",2023-06-07,284.061302818338
"1982","1982",2023-06-08,285.317977617431
"1983","1983",2023-06-09,285.775593287764
"1984","1984",2023-06-10,285.278582185945
"1985","1985",2023-06-11,293.467159944165
"1986","1986",2023-06-12,292.693033430679
"1987","1987",2023-06-13,292.218939561581
"1988","1988",2023-06-14,292.038252297931
"1989","1989",2023-06-15,304.217686235636
"1990","1990",2023-06-16,306.476593268359
"1991","1991",2023-06-17,316.001885773943
"1992","1992",2023-06-18,314.629492926432
"1993","1993",2023-06-19,316.651071283537
"1994","1994",2023-06-20,318.212016514436
"1995","1995",2023-06-21,341.122377919093
"1996","1996",2023-06-22,376.07870689613
"1997","1997",2023-06-23,373.501255630895
"1998","1998",2023-06-24,363.513643146343
"1999","1999",2023-06-25,363.886623728166
"2000","2000",2023-06-26,362.25139319607
"2001","2001",2023-06-27,364.220095326544
"2002","2002",2023-06-28,345.792628484764
"2003","2003",2023-06-29,352.766898169949
"2004","2004",2023-06-30,354.940736272707
"2005","2005",2023-07-01,354.940736272707
"2006","2006",2023-07-02,352.240919724304
"2007","2007",2023-07-03,348.973730068127
"2008","2008",2023-07-04,349.807870653051
"2009","2009",2023-07-05,349.771456585816
"2010","2010",2023-07-06,313.758522088403
"2011","2011",2023-07-07,298.909120473251
"2012","2012",2023-07-08,283.17503860415
"2013","2013",2023-07-09,282.319781548025
"2014","2014",2023-07-10,281.340117061796
"2015","2015",2023-07-11,262.032464461719
"2016","2016",2023-07-12,260.231558276767
"2017","2017",2023-07-13,261.074086809132
"2018","2018",2023-07-14,305.064598281616
"2019","2019",2023-07-15,313.566855817643
"2020","2020",2023-07-16,314.567262146124
"2021","2021",2023-07-17,310.03834081614
"2022","2022",2023-07-18,311.025822805476
"2023","2023",2023-07-19,313.12078001698
"2024","2024",2023-07-20,312.156323919025
"2025","2025",2023-07-21,292.444219241933
"2026","2026",2023-07-22,252.938360019871
"2027","2027",2023-07-23,255.816190026001
"2028","2028",2023-07-24,253.688954398699
"2029","2029",2023-07-25,264.445963269485
"2030","2030",2023-07-26,265.156896445291
"2031","2031",2023-07-27,264.704493256174
"2032","2032",2023-07-28,261.027674533885
"2033","2033",2023-07-29,253.270001642174
"2034","2034",2023-07-30,251.418238568277
"2035","2035",2023-07-31,250.283731439753
"2036","2036",2023-08-01,250.283731439753
"2037","2037",2023-08-02,252.16052219465
"2038","2038",2023-08-03,251.687919876125
"2039","2039",2023-08-04,252.499877482681
"2040","2040",2023-08-05,249.081242387555
"2041","2041",2023-08-06,241.625160723424
"2042","2042",2023-08-07,240.403080098455
"2043","2043",2023-08-08,240.641431689768
"2044","2044",2023-08-09,247.550293774375
"2045","2045",2023-08-10,246.018357849514
"2046","2046",2023-08-11,245.739702033605
"2047","2047",2023-08-12,245.192464413142
"2048","2048",2023-08-13,158.074659192553
"2049","2049",2023-08-14,105.084950115746
"2050","2050",2023-08-15,113.555331016768
"2051","2051",2023-08-16,120.005444502071
"2052","2052",2023-08-17,127.270221381954
"2053","2053",2023-08-18,269.823084519351
"2054","2054",2023-08-19,263.258907063572
"2055","2055",2023-08-20,260.542233976875
"2056","2056",2023-08-21,257.051198359965
"2057","2057",2023-08-22,253.941411209595
"2058","2058",2023-08-23,247.885147732746
"2059","2059",2023-08-24,247.382280036616
"2060","2060",2023-08-25,246.741334076969
"2061","2061",2023-08-26,244.714012406634
"2062","2062",2023-08-27,245.220574832822
"2063","2063",2023-08-28,244.01503403978
"2064","2064",2023-08-29,242.848800336662
"2065","2065",2023-08-30,285.662335245753
"2066","2066",2023-08-31,286.284786635131
"2067","2067",2023-09-01,286.284786635131
"2068","2068",2023-09-02,283.588097185427
"2069","2069",2023-09-03,282.455360636449
"2070","2070",2023-09-04,284.157185940881
"2071","2071",2023-09-05,283.978089083963
"2072","2072",2023-09-06,285.018868911811
"2073","2073",2023-09-07,284.719985079914
"2074","2074",2023-09-08,281.450521363047
"2075","2075",2023-09-09,282.479151649986
"2076","2076",2023-09-10,282.902694345081
"2077","2077",2023-09-11,283.076977187685
"2078","2078",2023-09-12,291.217231952368
"2079","2079",2023-09-13,302.205816780815
"2080","2080",2023-09-14,303.249735943561
"2081","2081",2023-09-15,304.319096267689
"2082","2082",2023-09-16,303.05671319908
"2083","2083",2023-09-17,229.754584399328
"2084","2084",2023-09-18,227.466009877464
"2085","2085",2023-09-19,228.57326004883
"2086","2086",2023-09-20,231.471614779454
"2087","2087",2023-09-21,230.645213839316
"2088","2088",2023-09-22,235.918107892998
"2089","2089",2023-09-23,229.996103048869
"2090","2090",2023-09-24,227.945788998166
"2091","2091",2023-09-25,228.882581309672
"2092","2092",2023-09-26,228.581982041134
"2093","2093",2023-09-27,228.342375613652
"2094","2094",2023-09-28,228.420322342993
"2095","2095",2023-09-29,200.808662963549
"2096","2096",2023-09-30,198.739604569886
"2097","2097",2023-10-01,198.739604569886
"2098","2098",2023-10-02,221.749274618462
"2099","2099",2023-10-03,232.261458093422
"2100","2100",2023-10-04,233.256371238382
"2101","2101",2023-10-05,233.668418413912
"2102","2102",2023-10-06,239.754746338567
"2103","2103",2023-10-07,245.630298007572
"2104","2104",2023-10-08,245.049164149502
"2105","2105",2023-10-09,244.628958372501
"2106","2106",2023-10-10,253.086224810607
"2107","2107",2023-10-11,254.178952662414
"2108","2108",2023-10-12,241.76705472281
"2109","2109",2023-10-13,234.124311337172
"2110","2110",2023-10-14,235.018028152354
"2111","2111",2023-10-15,235.605309695828
"2112","2112",2023-10-16,238.427907634474
"2113","2113",2023-10-17,253.151409312636
"2114","2114",2023-10-18,253.481638902426
"2115","2115",2023-10-19,252.090345264893
"2116","2116",2023-10-20,250.985760557949
"2117","2117",2023-10-21,264.920694056598
"2118","2118",2023-10-22,256.688628303716
"2119","2119",2023-10-23,257.290507569392
"2120","2120",2023-10-24,344.985261707979
"2121","2121",2023-10-25,347.291796732616
"2122","2122",2023-10-26,350.302555354667
"2123","2123",2023-10-27,353.681477634846
"2124","2124",2023-10-28,358.845233382019
"2125","2125",2023-10-29,354.600175823148
"2126","2126",2023-10-30,355.948603359559
"2127","2127",2023-10-31,352.81817441376
"2128","2128",2023-11-01,352.81817441376
"2129","2129",2023-11-02,345.131532664662
"2130","2130",2023-11-03,348.441619014462
"2131","2131",2023-11-04,347.260184552169
"2132","2132",2023-11-05,340.455726517287
"2133","2133",2023-11-06,337.50839311846
"2134","2134",2023-11-07,335.339989647001
"2135","2135",2023-11-08,333.555538907233
"2136","2136",2023-11-09,323.308323578582
"2137","2137",2023-11-10,334.655372260311
"2138","2138",2023-11-11,324.960829006471
"2139","2139",2023-11-12,325.178296960364
"2140","2140",2023-11-13,323.713471757145
"2141","2141",2023-11-14,326.486047685271
"2142","2142",2023-11-15,340.834964597623
"2143","2143",2023-11-16,365.449086049519
"2144","2144",2023-11-17,403.281514971118
"2145","2145",2023-11-18,402.749210776076
"2146","2146",2023-11-19,404.239673562773
"2147","2147",2023-11-20,401.431012945312
"2148","2148",2023-11-21,402.454137594914
"2149","2149",2023-11-22,437.571599299061
"2150","2150",2023-11-23,376.998358799517
"2151","2151",2023-11-24,374.408721877721
"2152","2152",2023-11-25,373.786287171867
"2153","2153",2023-11-26,373.133594306682
"2154","2154",2023-11-27,373.098523009596
"2155","2155",2023-11-28,378.223863457988
"2156","2156",2023-11-29,378.752533286596
"2157","2157",2023-11-30,380.951715598468
"2158","2158",2023-12-01,380.951715598468
"2159","2159",2023-12-02,379.852212596003
"2160","2160",2023-12-03,380.672403062437
"2161","2161",2023-12-04,381.403713502587
"2162","2162",2023-12-05,393.166672366944
"2163","2163",2023-12-06,406.537956403972
"2164","2164",2023-12-07,409.89065661219
"2165","2165",2023-12-08,410.10582184
"2166","2166",2023-12-09,412.181893437102
"2167","2167",2023-12-10,396.780269547007
"2168","2168",2023-12-11,396.392842237507
"2169","2169",2023-12-12,437.790943372598
"2170","2170",2023-12-13,437.490461749107
"2171","2171",2023-12-14,442.569370274242
"2172","2172",2023-12-15,430.811581359794
"2173","2173",2023-12-16,418.322333919874
"2174","2174",2023-12-17,390.374992029665
"2175","2175",2023-12-18,395.55545004215
"2176","2176",2023-12-19,399.608096291267
"2177","2177",2023-12-20,398.760675403754
"2178","2178",2023-12-21,406.158596568169
"2179","2179",2023-12-22,385.530892992575
"2180","2180",2023-12-23,356.335919393607
"2181","2181",2023-12-24,355.203511890339
"2182","2182",2023-12-25,360.013877973125
"2183","2183",2023-12-26,361.456996859718
"2184","2184",2023-12-27,369.47969036696
"2185","2185",2023-12-28,374.172681613707
"2186","2186",2023-12-29,377.271399722496
"2187","2187",2023-12-30,382.057620661323
"2188","2188",2023-12-31,379.810083710925
"2189","2189",2024-01-01,379.810083710925
"2190","2190",2024-01-02,389.528529395524
"2191","2191",2024-01-03,388.224738789277
"2192","2192",2024-01-04,409.297000698103
"2193","2193",2024-01-05,401.986697306705
"2194","2194",2024-01-06,400.95342153338
"2195","2195",2024-01-07,400.641339070946
"2196","2196",2024-01-08,396.483115355011
"2197","2197",2024-01-09,440.550909196214
"2198","2198",2024-01-10,441.824351903621
"2199","2199",2024-01-11,414.672125742505
"2200","2200",2024-01-12,414.375231258359
"2201","2201",2024-01-13,457.224661253976
"2202","2202",2024-01-14,458.753112392797
"2203","2203",2024-01-15,453.929989265042
"2204","2204",2024-01-16,458.661837809794
"2205","2205",2024-01-17,456.962985029285
"2206","2206",2024-01-18,455.538153379676
"2207","2207",2024-01-19,466.19215709586
"2208","2208",2024-01-20,458.806656964944
"2209","2209",2024-01-21,457.754916768371
"2210","2210",2024-01-22,454.752390675465
"2211","2211",2024-01-23,484.224148335611
"2212","2212",2024-01-24,482.822612702686
"2213","2213",2024-01-25,480.765555741744
"2214","2214",2024-01-26,476.099382380783
